timestamp,lat,lon,alt,vn,ve,vd
0.000000,0.588870,-1.393777,0.119748,10.474198,10.429196,-0.053182
0.100000,0.807904,0.124807,0.499339,10.459654,10.331607,-0.028081
0.200000,1.430038,2.661123,2.900760,10.428033,10.548540,0.071813
0.300000,3.262532,2.948119,0.512386,10.371661,10.663200,0.154654
0.400000,7.357234,3.436282,-0.486593,10.781493,10.443665,0.097263
0.500000,6.020509,6.559900,0.744096,10.612072,10.420166,0.006023
0.600000,8.806079,3.671189,0.213075,10.420337,10.272419,-0.010798
0.700000,8.879557,6.175481,2.510622,10.596563,10.364006,0.107368
0.800000,10.150986,8.276475,0.260949,10.434370,10.370467,0.081585
0.900000,10.772639,11.927803,-0.048495,10.482176,10.369303,0.100989
1.000000,9.092491,9.314636,0.117613,10.410905,10.286083,0.110732
1.100000,9.266663,10.884995,0.386210,10.420171,10.223742,0.003855
1.200000,13.740528,13.829874,0.059613,10.416106,10.216424,-0.028332
1.300000,13.588580,12.731424,0.895959,10.387293,10.073394,-0.050114
1.400000,15.343932,13.545919,-0.350986,10.300981,10.216107,0.110367
1.500000,18.413656,15.544604,-1.170711,10.515590,9.912330,0.107512
1.600000,17.800828,15.367400,2.485483,10.186768,10.033917,-0.260984
1.700000,15.397846,18.431305,-0.775345,10.344329,9.852534,0.050702
1.800000,19.521759,18.716493,3.683664,10.311913,9.688655,0.031620
1.900000,21.234074,21.233604,-0.322399,10.258737,9.601637,0.020543
2.000000,20.976014,21.401025,-2.953721,10.140796,9.596798,0.028692
2.100000,21.486947,22.926292,0.799521,10.208214,9.576517,0.032105
2.200000,22.310120,23.055971,3.193420,10.232544,9.539784,0.112480
2.300000,24.886363,23.134839,-0.999781,10.089755,9.440914,0.156246
2.400000,25.395922,26.622524,1.739687,10.197226,9.302098,0.040835
2.500000,25.316533,23.287354,0.803366,10.114682,9.073864,0.095686
2.600000,27.405901,26.231455,1.025128,10.172141,8.991971,-0.156089
2.700000,27.007909,28.151626,-0.323247,9.913369,8.922438,0.020605
2.800000,30.900398,28.812283,1.923148,10.056721,8.912424,-0.083595
2.900000,30.079383,28.508223,0.595867,9.982494,8.472251,0.012333
3.000000,29.248279,28.114383,1.084044,10.183415,8.518013,0.108453
3.100000,30.602402,31.270773,2.394120,9.974002,8.360213,0.090161
3.200000,32.504315,31.722810,0.925545,9.878575,8.157959,-0.026899
3.300000,34.424875,32.853181,0.276979,10.009398,8.096969,0.156834
3.400000,31.957043,35.204221,1.389366,9.793399,7.816168,0.142026
3.500000,35.126438,32.185386,0.808209,9.722960,7.777334,0.044861
3.600000,36.057834,32.352253,-0.838492,9.803745,7.699884,0.042447
3.700000,38.294168,36.812422,1.554303,9.678885,7.540654,-0.112847
3.800000,36.636347,34.552824,-1.107803,9.606259,7.430169,0.144759
3.900000,38.076720,37.537437,-1.410967,9.621321,7.203542,0.057703
4.000000,40.879579,38.900542,-1.189688,9.730679,6.941561,0.136939
4.100000,43.219300,36.693901,-0.601103,9.345440,6.822142,0.000481
4.200000,43.877409,40.937124,0.873251,9.430911,6.708026,-0.082012
4.300000,43.758853,39.533565,-0.329626,9.234540,6.247256,-0.025438
4.400000,44.165558,40.775947,1.682859,9.296473,6.317418,-0.061523
4.500000,44.171444,37.742514,2.060712,9.166473,6.114167,-0.013095
4.600000,44.689268,39.823754,1.781579,9.334175,5.955371,-0.043996
4.700000,49.558420,41.378733,-2.046372,9.283958,5.618157,-0.062464
4.800000,48.754829,41.634547,-2.664003,9.114316,5.685655,-0.126414
4.900000,50.481487,42.675049,1.843259,9.013986,5.493707,0.110664
5.000000,47.633447,44.007986,-0.485880,9.136948,5.345658,-0.075421
5.100000,52.899137,44.539375,-1.391268,9.118490,5.055765,-0.041784
5.200000,52.989514,43.547788,-3.264872,9.000466,4.788096,0.055494
5.300000,53.808039,43.645317,0.057760,8.755196,4.686821,0.078430
5.400000,54.358812,44.390095,-1.681437,9.001976,4.626800,0.056024
5.500000,51.435773,44.626294,1.323972,8.701499,4.216390,0.088305
5.600000,51.698350,44.787570,0.647181,8.680319,3.989775,0.121971
5.700000,57.525631,48.177364,-1.798706,8.740777,3.756612,0.099080
5.800000,58.204036,50.621024,1.202271,8.586101,3.511712,-0.229811
5.900000,59.394090,46.980706,-0.925703,8.484130,3.340868,0.240074
6.000000,58.972231,47.288293,-0.116990,8.575314,3.337203,0.018456
6.100000,61.678836,48.926543,4.122967,8.496002,3.041323,-0.182605
6.200000,61.301251,46.278042,-1.294552,8.267122,2.751694,-0.013257
6.300000,58.856306,47.271840,-1.916304,8.237227,2.623867,0.186927
6.400000,60.888852,49.842624,-0.445663,8.212254,2.256942,0.097209
6.500000,62.427069,47.576362,2.039831,8.268597,2.129500,-0.163599
6.600000,64.312986,48.240902,-2.068639,7.939951,2.018143,0.091900
6.700000,66.152393,50.543623,1.384178,7.985762,1.722302,0.028679
6.800000,63.865461,50.340576,-4.005369,8.010683,1.345925,0.239850
6.900000,68.834955,47.415333,-2.717178,8.122555,1.498585,0.012968
7.000000,65.315926,49.473132,1.059583,7.940249,1.162465,-0.071889
7.100000,67.087386,46.859037,1.626200,7.728798,0.899227,-0.004770
7.200000,68.575170,48.913060,1.019730,7.673568,0.679091,0.020501
7.300000,69.420597,50.383541,-0.336482,7.638311,0.378089,-0.098819
7.400000,69.517827,49.225283,4.039137,7.364642,0.045842,-0.046507
7.500000,71.951418,51.630654,0.472867,7.523992,-0.004161,0.100131
7.600000,71.049190,51.800767,1.960918,7.230347,-0.183401,0.195847
7.700000,73.459339,51.143220,0.682377,7.066251,-0.569708,-0.078839
7.800000,71.811493,49.900553,1.254219,7.174279,-0.611894,0.024339
7.900000,75.790280,47.483733,2.730773,6.878885,-0.939587,-0.097474
8.000000,73.764689,51.692236,-1.485952,7.187603,-1.109175,0.124655
8.100000,73.522885,51.872355,-3.200454,6.765371,-1.466618,0.067561
8.200000,74.847098,50.471361,0.966478,6.728367,-1.638968,-0.046822
8.300000,75.034726,49.778542,-0.301354,6.690239,-1.753432,-0.089837
8.400000,75.983217,52.290153,-0.622237,6.691649,-1.701722,0.022990
8.500000,78.679854,49.704883,-1.035537,6.538722,-2.166000,0.085520
8.600000,78.242562,45.863455,2.309618,6.568101,-2.402682,-0.027144
8.700000,78.470830,50.659556,-1.659443,6.437628,-2.616551,-0.021595
8.800000,77.447000,49.366571,1.953517,6.469611,-2.610350,0.077785
8.900000,78.948307,49.060211,0.671029,6.303103,-3.012914,-0.112553
9.000000,80.934994,51.718775,0.149804,6.238267,-3.351675,-0.154882
9.100000,83.248189,46.790973,-1.615106,6.090920,-3.424966,-0.095304
9.200000,82.101137,46.531991,-1.021304,6.036938,-3.813051,-0.079329
9.300000,79.890789,47.473935,0.235139,5.929408,-3.898554,-0.036590
9.400000,84.475888,43.691946,1.091177,5.898025,-4.217020,-0.146894
9.500000,85.077920,46.872522,-1.161787,5.669209,-4.414127,0.056054
9.600000,83.446410,45.315188,1.026642,5.688555,-4.396967,-0.021698
9.700000,84.889286,46.575166,-1.258451,5.343550,-4.563842,-0.052920
9.800000,88.267774,45.307137,-0.331567,5.389225,-4.702897,-0.004794
9.900000,84.698153,43.884994,-1.357222,5.396761,-5.010887,0.034664
10.000000,85.021808,44.840899,0.895470,5.163842,-5.181221,0.012292
10.100000,87.063230,42.255373,-1.634272,5.071808,-5.524570,-0.002561
10.200000,89.176650,43.189597,-0.679919,4.846359,-5.624205,-0.127015
10.300000,87.795473,44.806053,2.754456,4.926669,-5.989654,-0.003611
10.400000,89.263433,41.071263,-0.240280,4.749205,-5.990544,-0.168835
10.500000,86.386815,39.205650,1.444068,4.695460,-6.143505,-0.150868
10.600000,89.713783,41.098801,-0.164125,4.533831,-6.370424,-0.117472
10.700000,89.019171,37.154447,0.204830,4.519991,-6.359353,-0.218531
10.800000,93.046719,39.502566,-0.316005,4.277448,-6.839391,-0.013084
10.900000,89.296724,35.433698,0.490279,4.569973,-6.978016,-0.192647
11.000000,92.148131,36.446938,-1.788221,3.995385,-6.990133,0.003483
11.100000,91.970142,34.445954,1.304186,4.265935,-7.037683,0.005383
11.200000,89.945573,36.225362,-0.835498,4.070156,-7.138804,-0.123748
11.300000,93.904131,37.233557,-1.199570,3.989917,-7.478363,-0.017152
11.400000,92.129479,30.961929,1.999864,3.783096,-7.705195,0.005960
11.500000,92.115749,32.221669,-0.772725,3.725396,-7.796313,0.077350
11.600000,95.372114,31.557825,0.214994,3.548770,-7.921185,-0.131193
11.700000,93.930641,32.717481,-1.469298,3.502894,-7.940561,0.297308
11.800000,93.960203,29.402503,1.355636,3.527547,-8.073895,-0.020984
11.900000,91.738878,31.022299,1.449474,3.332700,-8.356337,-0.084977
12.000000,93.277180,32.128655,-2.963232,3.245365,-8.430163,-0.016567
12.100000,97.948337,27.184235,-1.605379,3.134658,-8.574946,-0.172868
12.200000,95.263392,30.566082,-2.692960,3.128505,-8.957293,0.046153
12.300000,93.003962,28.778587,0.794464,2.892135,-8.844460,0.181670
12.400000,97.831463,23.644520,1.806180,2.864261,-9.025778,-0.060991
12.500000,97.616770,22.791189,-1.342490,2.724053,-8.944530,0.085284
12.600000,97.327247,25.370243,-0.088039,2.558383,-9.134208,0.100034
12.700000,96.959068,23.057017,3.386025,2.568761,-9.224475,-0.097969
12.800000,97.049878,22.059254,-1.564177,2.478215,-9.472865,-0.040083
12.900000,94.050688,22.475478,-1.949026,2.442849,-9.319041,-0.002456
13.000000,99.552834,20.303968,-0.181440,2.119509,-9.597715,0.006546
13.100000,96.611762,20.972358,0.407401,2.229692,-9.668130,-0.000558
13.200000,98.521177,17.798782,-1.348322,1.952542,-9.549080,-0.080569
13.300000,98.306613,19.124512,-0.156034,1.838483,-9.824881,0.057313
13.400000,97.919458,17.976212,0.251660,1.775438,-10.020432,0.083385
13.500000,97.871252,13.666037,1.154152,1.708590,-9.978033,0.107016
13.600000,99.836493,13.343693,-2.411411,1.493131,-10.072096,-0.069281
13.700000,99.642081,13.620243,0.602072,1.433599,-9.907279,0.047221
13.800000,98.578793,10.742363,0.836859,1.297889,-10.077240,0.006476
13.900000,100.185160,13.470641,-0.134752,1.390376,-10.275703,0.088893
14.000000,98.441457,10.068739,-0.253252,1.009816,-10.146336,-0.017708
14.100000,99.881101,10.283659,0.480960,1.000020,-10.284584,0.060609
14.200000,100.430289,5.032399,-0.642194,1.015936,-10.294649,0.078746
14.300000,101.742848,9.281058,-0.878343,0.625592,-10.171594,0.016475
14.400000,99.429789,7.172883,1.529237,0.596291,-10.297126,0.208498
14.500000,101.650527,6.301313,-0.430288,0.560668,-10.429062,-0.043435
14.600000,100.367980,0.507978,0.349119,0.444977,-10.314616,-0.122918
14.700000,101.965427,3.799532,1.765949,0.532787,-10.435348,0.048510
14.800000,98.162713,2.462286,0.616542,0.182950,-10.440710,0.035328
14.900000,101.156988,1.385620,-0.609755,-0.055176,-10.348942,0.061544
15.000000,98.126309,-0.634174,1.771907,0.109609,-10.316608,-0.145968
15.100000,100.182556,-1.024976,0.489050,-0.019456,-10.440847,0.123120
15.200000,99.479067,-2.857459,-0.465678,-0.120478,-10.554382,0.028982
15.300000,98.423150,-3.801135,-0.547393,-0.373924,-10.421191,-0.089399
15.400000,98.936175,-4.715755,1.417484,-0.485811,-10.398352,-0.030315
15.500000,100.483523,-6.146444,0.257385,-0.441057,-10.321776,0.006982
15.600000,100.573968,-6.757495,0.501154,-0.674860,-10.559399,-0.104621
15.700000,98.651170,-7.498954,-0.569324,-0.885676,-10.364033,-0.087471
15.800000,98.870333,-8.633477,-2.784065,-0.879980,-10.299163,-0.098601
15.900000,97.490851,-9.424410,0.398134,-1.127794,-10.259754,0.008081
16.000000,101.587651,-12.134156,1.090279,-1.055812,-10.324275,0.070718
16.100000,99.204305,-9.978286,-1.496533,-1.269040,-10.061627,-0.057257
16.200000,100.111623,-11.620484,0.302983,-1.308838,-10.307097,0.008437
16.300000,99.713236,-13.199522,-0.781038,-1.448065,-10.182583,0.017457
16.400000,98.524818,-14.274114,-2.817138,-1.607630,-10.176740,0.112911
16.500000,99.254313,-16.153486,-0.017294,-1.642355,-10.041241,0.152842
16.600000,98.719479,-19.179145,2.041631,-1.716585,-9.871255,-0.051653
16.700000,98.489748,-17.973473,1.246214,-1.784562,-9.962521,0.082376
16.800000,100.984101,-19.235539,-1.871300,-1.861030,-9.504300,0.341861
16.900000,98.461138,-22.372311,-2.074561,-2.225068,-9.543568,-0.043828
17.000000,97.797576,-21.972189,2.731228,-2.152421,-9.636940,-0.134972
17.100000,97.079948,-21.193802,2.931177,-2.225427,-9.308781,0.026310
17.200000,95.199643,-19.088860,0.572729,-2.323103,-9.376213,-0.054075
17.300000,98.853384,-23.631690,0.717673,-2.570950,-9.295468,0.123796
17.400000,95.340437,-20.453999,1.589990,-2.716156,-9.195325,0.124143
17.500000,98.058646,-25.011497,-0.395332,-2.646383,-9.115126,0.055560
17.600000,94.196599,-24.754394,-0.981913,-2.630732,-8.797162,-0.144660
17.700000,95.465378,-28.257873,-0.460885,-3.049488,-8.784070,-0.014912
17.800000,96.918184,-28.107709,3.330169,-3.065615,-8.858937,-0.034754
17.900000,95.473864,-27.513681,-0.273047,-3.087671,-8.531802,0.024765
18.000000,96.348857,-31.157703,-0.218232,-3.192028,-8.364478,0.028260
18.100000,94.659825,-30.340466,-1.621341,-3.282318,-8.526008,0.198657
18.200000,94.861784,-33.139109,1.451511,-3.415008,-8.185803,-0.196044
18.300000,93.291610,-32.705361,-1.313388,-3.463852,-8.221397,0.141060
18.400000,93.768303,-32.069987,0.826405,-3.347329,-7.809053,0.203250
18.500000,91.472069,-33.580654,1.297913,-3.778432,-7.942932,-0.129182
18.600000,92.489600,-34.080876,0.426280,-3.767650,-7.692431,0.057938
18.700000,95.485532,-35.272632,0.227025,-3.868608,-7.298068,0.031944
18.800000,92.783010,-37.694525,3.531073,-4.107948,-7.407312,0.093476
18.900000,90.476956,-35.226525,-0.481282,-3.942698,-7.044384,0.104053
19.000000,92.564326,-38.785808,0.417994,-4.283054,-7.223117,-0.019647
19.100000,92.161506,-39.424407,-1.512953,-4.507797,-6.848128,-0.185303
19.200000,91.089770,-36.872246,-0.325931,-4.472824,-6.673051,0.130495
19.300000,88.698545,-38.553346,0.791328,-4.432787,-6.409669,0.106162
19.400000,88.783517,-39.890876,0.456677,-4.768679,-6.241160,-0.029008
19.500000,89.447799,-38.835286,2.477853,-4.846931,-6.334923,-0.122489
19.600000,88.586065,-40.565720,-1.069395,-4.855453,-5.999091,0.008363
19.700000,88.958576,-41.552968,-1.091108,-4.738578,-5.825192,0.111474
19.800000,87.779250,-40.871866,0.194830,-5.035707,-5.686097,-0.140186
19.900000,88.264426,-45.129932,2.168126,-5.103564,-5.451574,-0.012669
20.000000,88.551196,-44.005147,2.962235,-5.087384,-5.146796,0.006667
20.100000,85.552659,-44.315469,2.072513,-5.181102,-5.067469,0.121588
20.200000,83.891580,-41.709393,1.154449,-5.494909,-4.688684,0.013387
20.300000,89.842475,-42.396680,2.133819,-5.536827,-4.684857,0.030137
20.400000,81.174157,-45.353472,1.236444,-5.656822,-4.499525,0.054716
20.500000,83.247320,-42.901645,-2.721622,-5.828974,-4.310092,0.006282
20.600000,82.621451,-47.236603,-2.651392,-5.648744,-4.140705,-0.127005
20.700000,83.682936,-45.935277,0.486270,-5.948396,-3.910060,0.027456
20.800000,81.786034,-47.014222,-1.016195,-6.000564,-3.560865,0.024821
20.900000,83.356705,-47.968672,0.135102,-6.053928,-3.562674,-0.001608
21.000000,80.777101,-47.223164,-0.461047,-6.149522,-3.134546,-0.031259
21.100000,79.304737,-47.370872,3.004340,-6.281935,-3.116894,-0.215497
21.200000,79.842052,-51.273821,-0.208369,-6.366529,-2.773505,-0.112577
21.300000,77.403939,-50.024324,-0.278106,-6.394244,-2.585339,-0.212444
21.400000,78.897158,-51.116030,0.672480,-6.507096,-2.497605,0.093293
21.500000,76.051933,-51.034169,1.017826,-6.407267,-2.107773,0.004899
21.600000,77.401897,-50.049825,-0.028131,-6.703602,-1.992279,-0.020370
21.700000,74.693497,-50.156612,1.756283,-6.838018,-1.817460,0.169354
21.800000,76.941881,-48.165132,0.131510,-6.808871,-1.519531,-0.009603
21.900000,74.667913,-50.415973,1.194342,-6.888573,-1.231275,0.041189
22.000000,75.956866,-51.663829,1.184510,-7.063709,-0.943561,0.030084
22.100000,70.442767,-50.297269,0.719373,-7.134893,-0.963729,-0.014175
22.200000,72.219974,-51.930423,-1.714973,-7.025854,-0.657465,0.140191
22.300000,73.294806,-52.569493,-0.223179,-7.253344,-0.591546,-0.125414
22.400000,71.665328,-51.784882,0.132186,-7.489256,-0.119705,-0.119491
22.500000,72.541853,-47.148314,-0.798891,-7.378991,-0.104230,-0.009493
22.600000,69.204568,-51.669854,1.360597,-7.392844,0.336943,0.054103
22.700000,69.418418,-49.236493,2.363933,-7.703533,0.478073,-0.127560
22.800000,70.689570,-49.474668,-1.659425,-7.589514,0.546848,-0.134340
22.900000,65.880160,-49.320718,0.186496,-7.620016,0.783594,-0.171148
23.000000,67.623878,-48.081637,0.993130,-7.693378,1.001950,-0.033407
23.100000,67.589934,-50.680513,0.658647,-7.677204,1.355525,-0.071672
23.200000,64.236621,-49.477207,1.388909,-8.015466,1.610835,0.134743
23.300000,62.782539,-48.739973,-0.744945,-7.996832,1.784492,0.047595
23.400000,62.829053,-50.811642,-1.810759,-8.192009,2.109557,0.051494
23.500000,63.088641,-50.369580,1.742026,-8.158327,2.297817,-0.084071
23.600000,62.446339,-47.263123,0.602743,-8.146683,2.277382,-0.041678
23.700000,59.000969,-46.576529,0.146011,-8.346752,2.465514,-0.114799
23.800000,62.490665,-50.279252,-0.003911,-8.309819,2.884787,0.158776
23.900000,59.550872,-49.464156,-0.842696,-8.518032,2.972070,-0.097488
24.000000,60.719427,-49.214858,-0.788600,-8.469981,3.277147,0.068815
24.100000,58.714168,-48.146173,-0.977185,-8.486136,3.321837,0.096551
24.200000,55.856220,-50.352631,0.716046,-8.640370,3.802520,0.162368
24.300000,54.268279,-47.215364,-1.201797,-8.488001,3.750453,0.008452
24.400000,57.365795,-48.392248,0.145390,-8.753473,4.246497,0.009195
24.500000,50.458651,-46.125193,-1.250687,-8.920645,4.132011,0.119641
24.600000,53.212891,-43.069609,-0.416500,-8.875216,4.436444,0.023635
24.700000,51.349005,-44.508200,-1.636075,-8.932943,4.670322,-0.058608
24.800000,51.535370,-45.588823,-0.239467,-8.967198,4.825010,0.016558
24.900000,51.056011,-45.451275,3.224385,-8.838679,5.291175,0.169914
25.000000,46.732587,-43.631168,-0.265841,-9.213558,5.148059,0.039186
25.100000,49.282447,-43.382923,-1.087696,-9.064826,5.455640,0.023154
25.200000,48.674921,-38.954400,-3.416596,-9.205119,5.517581,0.103339
25.300000,47.815205,-40.553546,1.175617,-9.402768,5.664434,0.046895
25.400000,45.729925,-41.592159,-1.531901,-9.299053,6.017333,0.001602
25.500000,42.742142,-39.848334,3.807740,-9.219696,6.208594,-0.069411
25.600000,44.508391,-40.274280,-0.741201,-9.481953,6.261157,-0.062513
25.700000,42.358529,-40.164955,0.672156,-9.319196,6.465508,-0.143713
25.800000,43.085378,-39.130803,1.948807,-9.534542,6.576484,-0.075770
25.900000,40.636139,-36.263300,-3.650309,-9.493797,6.947468,0.109307
26.000000,42.563833,-36.953905,1.192140,-9.750823,6.989338,-0.127824
26.100000,37.538039,-35.790817,-2.842289,-9.606716,7.185858,0.024565
26.200000,37.773255,-35.454440,0.530430,-9.704133,7.386301,0.056638
26.300000,40.885246,-34.044229,1.000109,-9.754579,7.437627,-0.106542
26.400000,35.028830,-31.142849,-3.635114,-9.681229,7.680496,-0.007237
26.500000,33.276708,-33.704912,-0.896483,-9.708811,7.828313,0.012294
26.600000,35.897113,-32.295846,1.485090,-9.907256,7.827261,-0.111793
26.700000,30.333121,-32.389420,-0.520872,-9.810379,8.128209,-0.059330
26.800000,31.735723,-29.936468,0.145463,-9.756547,8.179651,-0.106574
26.900000,32.450440,-30.776442,-0.651338,-10.048055,8.427645,-0.058647
27.000000,29.897641,-29.210258,-1.636477,-9.861645,8.588327,-0.064280
27.100000,29.773163,-24.953561,-0.423673,-9.909519,8.691936,-0.066721
27.200000,27.735942,-29.574553,-0.584958,-10.085783,8.656212,0.071605
27.300000,26.377043,-26.996551,-1.057644,-10.185832,8.794135,-0.066709
27.400000,26.259895,-28.622936,0.342671,-10.073643,8.866198,-0.076170
27.500000,25.906711,-26.937912,-1.293146,-10.109746,8.995027,-0.082520
27.600000,25.077330,-23.760321,-0.343202,-10.265841,9.361688,0.063840
27.700000,23.392306,-24.139938,1.027129,-10.169104,9.236544,-0.025210
27.800000,22.656016,-21.054110,-0.520138,-10.172429,9.175015,0.033316
27.900000,24.527713,-20.730046,-2.345454,-10.224816,9.501623,0.002327
28.000000,21.496766,-20.409331,-1.500079,-10.263949,9.555565,-0.005150
28.100000,20.381296,-18.435856,1.938517,-10.399907,9.625737,-0.046940
28.200000,18.086486,-17.266719,1.725919,-10.030504,9.899047,-0.058219
28.300000,15.610927,-17.856123,-2.997917,-10.250238,9.728354,0.117469
28.400000,17.539491,-17.527249,1.195425,-10.575052,9.903754,0.149009
28.500000,17.044407,-16.295015,-0.398411,-10.410171,9.886120,-0.070628
28.600000,15.543386,-15.666025,0.539574,-10.523468,10.097003,-0.015851
28.700000,11.618189,-14.225224,-0.315971,-10.442907,10.137810,0.029341
28.800000,13.984396,-10.829861,-1.014387,-10.326309,10.035105,-0.100069
28.900000,8.684413,-13.629673,-0.356985,-10.430859,10.164898,0.061678
29.000000,8.940868,-11.044826,2.009565,-10.531611,10.244327,0.041900
29.100000,10.886843,-9.151398,1.871116,-10.326137,10.270174,-0.115954
29.200000,6.738022,-6.969738,-0.382710,-10.309219,10.346544,0.117707
29.300000,8.106297,-6.857931,0.910206,-10.478909,10.454267,0.059606
29.400000,7.423144,-4.137331,1.300905,-10.357971,10.116338,0.172116
29.500000,6.245979,-4.278202,0.511110,-10.536798,10.300444,-0.105355
29.600000,4.427527,-2.342724,1.240015,-10.161658,10.544040,-0.062477
29.700000,4.157245,-2.270245,-0.718724,-10.540765,10.516275,-0.055878
29.800000,1.104579,-2.453372,0.674624,-10.456815,10.604417,0.011767
29.900000,2.222208,-1.475239,2.094203,-10.650956,10.536744,0.048947
30.000000,2.982685,0.347934,1.730184,-10.520596,10.440903,-0.117110
30.100000,-2.438888,1.190817,-0.662907,-10.454716,10.343225,0.072229
30.200000,-3.946143,3.606891,-0.121913,-10.550840,10.351609,0.072206
30.300000,-2.042012,3.363397,0.563837,-10.337161,10.531997,0.112747
30.400000,-3.089017,5.042335,-0.841833,-10.444669,10.484806,0.173063
30.500000,-3.185030,5.596581,-1.337383,-10.391387,10.629087,-0.053981
30.600000,-8.929435,8.409902,-2.027577,-10.628497,10.369045,-0.024854
30.700000,-8.493244,7.082855,1.423624,-10.345837,10.279887,-0.048130
30.800000,-8.740484,10.650080,0.469207,-10.303335,10.376352,0.102401
30.900000,-9.564556,9.408637,-0.638414,-10.328270,10.392194,-0.076068
31.000000,-10.420514,10.067347,-0.336097,-10.414314,10.163887,-0.008562
31.100000,-14.058200,11.372355,0.998235,-10.397359,10.204941,-0.015219
31.200000,-9.691056,11.015205,-1.431087,-10.411956,10.044715,-0.096112
31.300000,-15.407163,13.259640,-1.106124,-10.354070,10.081690,0.085671
31.400000,-17.001915,12.447162,-1.585864,-10.310137,10.288958,0.128442
31.500000,-13.385041,14.999915,-0.443944,-10.333509,10.098882,-0.014702
31.600000,-17.703688,18.722519,0.111658,-10.274396,9.927751,0.004745
31.700000,-16.951668,17.123316,1.762110,-10.206525,9.909695,-0.004260
31.800000,-16.986957,18.052525,1.208339,-10.424181,9.598621,0.046119
31.900000,-20.333529,19.227497,-2.002838,-10.452992,9.664600,0.059078
32.000000,-17.800804,19.834262,1.176540,-10.206246,9.507002,0.065474
32.100000,-21.631988,23.466603,-3.115831,-10.239898,9.498819,-0.099941
32.200000,-20.597076,22.369508,1.504309,-10.070636,9.171553,0.076954
32.300000,-24.684889,25.389275,0.194232,-10.126493,9.082613,0.045873
32.400000,-25.450555,23.217699,0.170881,-10.125113,9.065943,0.075801
32.500000,-24.725798,24.204718,0.513894,-10.021330,9.010170,0.126600
32.600000,-26.226917,26.956424,-0.028369,-10.080629,8.942070,-0.131446
32.700000,-26.033658,23.704126,-0.257104,-10.225177,8.822673,-0.089600
32.800000,-27.277483,27.083720,2.396389,-9.932191,8.606161,0.079090
32.900000,-29.331685,28.028193,-0.454608,-9.945985,8.567142,-0.011225
33.000000,-27.607067,29.432618,-1.071924,-10.026626,8.330117,0.041203
33.100000,-31.723150,31.947664,-0.003375,-9.924238,8.219661,-0.107750
33.200000,-34.290155,29.931661,0.247095,-9.927014,8.361399,0.008486
33.300000,-31.659414,30.432143,-0.729469,-9.874297,8.020065,-0.072778
33.400000,-34.715995,36.123017,2.033614,-9.736681,8.013284,-0.163555
33.500000,-35.271715,32.627497,0.937521,-9.755663,7.763067,0.048895
33.600000,-36.645550,31.323275,0.546885,-9.777934,7.720119,0.094268
33.700000,-36.701244,33.481628,-1.153037,-9.565129,7.373568,-0.078259
33.800000,-41.710546,36.093185,1.249763,-9.525273,7.326911,0.017734
33.900000,-39.761849,36.330292,-0.963436,-9.694939,7.247095,0.060963
34.000000,-39.079859,39.128894,-3.138785,-9.520431,7.084320,0.001308
34.100000,-40.731812,35.346003,2.344527,-9.698486,6.891443,-0.161068
34.200000,-41.195479,38.602413,0.604040,-9.401360,6.547484,-0.062752
34.300000,-44.886540,40.771716,0.856582,-9.368031,6.521712,-0.088627
34.400000,-44.346094,40.532366,1.280102,-9.398326,6.418991,-0.034311
34.500000,-45.564944,40.673089,-0.464595,-9.260728,6.169378,-0.069838
34.600000,-43.949938,40.150853,0.683345,-9.213553,5.868322,-0.117746
34.700000,-47.923905,40.634359,1.932596,-9.226824,5.893810,-0.018991
34.800000,-46.958333,41.386136,0.859020,-9.129634,5.799383,0.099938
34.900000,-47.868010,44.274310,0.157330,-9.168677,5.409817,0.103365
35.000000,-49.246833,41.955104,1.096686,-9.118226,5.232258,0.144440
35.100000,-51.104048,40.856973,-1.106924,-9.023118,4.836409,-0.102766
35.200000,-50.899784,47.025197,0.669515,-8.987092,4.746904,0.110686
35.300000,-53.945168,43.222078,-0.344623,-9.011574,4.561256,-0.121913
35.400000,-54.799977,44.808188,-0.902824,-8.773783,4.478129,0.188720
35.500000,-52.587778,46.695382,0.303714,-8.679056,4.188335,0.007666
35.600000,-54.486030,49.048412,-0.756731,-8.691646,4.040656,-0.010024
35.700000,-55.496714,46.873078,-0.937791,-8.586518,3.906595,0.101588
35.800000,-58.764021,50.035608,1.536784,-8.620461,3.890522,0.167359
35.900000,-57.731913,44.320891,0.870765,-8.564474,3.421934,-0.073098
36.000000,-56.624673,48.104804,1.540714,-8.522339,3.046351,-0.006237
36.100000,-61.603489,45.580378,2.146438,-8.188882,2.895299,-0.103898
36.200000,-60.179374,47.981216,-0.340668,-8.458738,2.887808,-0.013773
36.300000,-61.443813,50.857376,-4.984395,-8.248030,2.666706,-0.107496
36.400000,-60.384962,46.903082,1.453392,-8.237307,2.462234,0.028486
36.500000,-62.960718,52.291932,-0.038735,-8.227898,2.146925,-0.042661
36.600000,-63.353600,49.151409,1.687837,-8.028315,1.840328,-0.019360
36.700000,-64.563261,49.909648,-0.267150,-7.893744,1.753181,0.001944
36.800000,-67.344961,50.472660,2.499974,-7.989700,1.558844,0.004088
36.900000,-67.999040,49.264967,-2.337077,-7.993592,1.268679,0.190858
37.000000,-66.006974,49.819822,0.131341,-7.825673,0.994718,0.080754
37.100000,-68.021691,49.313658,-0.983901,-7.979283,0.931646,-0.163664
37.200000,-66.917582,48.566976,-0.286877,-7.748046,0.717871,-0.174670
37.300000,-69.878577,51.043115,2.408659,-7.494446,0.550462,-0.051365
37.400000,-70.737472,50.461425,-0.515829,-7.431505,0.091483,0.004139
37.500000,-69.804334,51.110122,0.973592,-7.553170,-0.023941,-0.015253
37.600000,-72.186727,46.683617,1.460068,-7.195819,-0.110400,-0.011126
37.700000,-73.007878,50.368633,-1.294198,-7.208494,-0.333255,0.141825
37.800000,-74.015653,50.580333,-0.120851,-7.157852,-0.715285,-0.061629
37.900000,-72.694824,50.943883,2.895606,-7.042090,-0.699458,-0.085950
38.000000,-76.212679,50.639287,1.160531,-6.932930,-1.057026,0.109200
38.100000,-76.034666,48.020382,-2.400670,-7.147883,-1.291801,-0.169919
38.200000,-73.762787,50.292381,2.171515,-6.858487,-1.660552,0.104770
38.300000,-76.281512,51.611756,0.307961,-6.775337,-1.501709,0.041351
38.400000,-77.363334,47.949872,-0.164811,-6.720229,-1.970332,-0.078505
38.500000,-81.550000,47.996961,-2.010784,-6.654596,-2.071869,-0.036369
38.600000,-79.358515,48.776455,0.806602,-6.394632,-2.486113,-0.057858
38.700000,-78.995158,49.407221,1.658986,-6.269019,-2.438427,-0.117342
38.800000,-77.944466,46.294817,0.308694,-6.348857,-2.787089,-0.126542
38.900000,-81.302098,47.054518,-0.913835,-6.308937,-2.960412,-0.037153
39.000000,-81.466192,46.865528,0.940283,-6.121877,-3.310591,0.007336
39.100000,-81.725131,45.488100,0.295498,-6.176364,-3.612440,0.131378
39.200000,-83.252693,49.685973,0.330102,-6.000657,-3.706031,0.018843
39.300000,-82.184984,44.740174,-2.325218,-6.171722,-3.964833,0.055412
39.400000,-83.377069,44.408031,0.444696,-5.820605,-3.945394,0.047076
39.500000,-83.449314,47.654437,0.047109,-5.664341,-4.323462,-0.074414
39.600000,-83.889603,46.153571,2.448958,-5.555270,-4.432985,-0.056221
39.700000,-85.258392,43.321259,-0.143758,-5.553187,-4.747338,0.009655
39.800000,-85.344725,46.498802,2.400967,-5.398435,-4.857172,0.063415
39.900000,-83.074584,42.136335,0.649438,-5.366484,-5.135607,0.108211
40.000000,-86.455935,45.825476,1.860119,-5.208724,-5.289635,0.028174
40.100000,-87.883829,43.369410,-1.062783,-5.232397,-5.206448,0.026178
40.200000,-88.212612,42.977085,-1.165648,-4.946578,-5.688239,0.093303
40.300000,-91.226952,42.642929,1.137146,-4.970346,-5.744649,0.226317
40.400000,-86.595766,39.290381,-0.282381,-4.653693,-5.882576,-0.020609
40.500000,-87.955482,38.905031,0.619573,-4.810248,-6.264359,-0.122531
40.600000,-87.243154,42.959231,2.529465,-4.494814,-6.427905,-0.068426
40.700000,-89.223640,38.925095,-0.308389,-4.464158,-6.325601,0.031284
40.800000,-92.482793,38.948199,-1.542364,-4.601392,-6.679458,0.007485
40.900000,-89.474495,39.023856,-0.626425,-4.237342,-6.747042,-0.041885
41.000000,-91.408432,37.047817,-1.502217,-4.243120,-6.960960,0.026848
41.100000,-91.895215,34.979606,-1.416888,-4.190210,-7.172598,-0.094529
41.200000,-91.977637,35.715510,-1.142632,-4.024380,-7.356296,0.003277
41.300000,-93.098479,35.113765,2.600209,-3.959846,-7.429777,-0.094431
41.400000,-93.693390,35.124844,-0.944970,-3.830371,-7.555471,-0.021302
41.500000,-91.041137,36.177481,3.627419,-3.689640,-7.780395,0.095731
41.600000,-94.882386,34.247653,-0.530737,-3.746326,-7.997594,-0.034246
41.700000,-96.399269,31.933075,-1.559832,-3.554540,-8.097781,-0.043209
41.800000,-92.807076,31.078533,-0.191573,-3.514270,-8.248375,-0.072409
41.900000,-94.816695,28.767561,1.009448,-3.471273,-8.406884,0.062044
42.000000,-93.226175,31.509885,1.038328,-3.224484,-8.364029,-0.030344
42.100000,-94.020369,28.356810,0.555548,-3.185194,-8.508471,-0.133283
42.200000,-97.948914,29.076648,1.116266,-3.032192,-8.835189,-0.112003
42.300000,-95.630307,28.256636,2.048170,-2.999113,-8.845357,-0.166116
42.400000,-95.719659,24.393083,1.894872,-2.697274,-9.027639,-0.145212
42.500000,-96.887161,24.805458,-0.564664,-2.754359,-9.021738,0.115922
42.600000,-99.664023,22.840736,1.969955,-2.620556,-9.328922,0.000644
42.700000,-97.750443,22.580240,-1.283194,-2.538266,-9.143206,-0.049017
42.800000,-98.570580,19.635144,-0.500720,-2.369662,-9.421994,-0.209303
42.900000,-99.764378,19.760325,-2.906393,-2.118056,-9.559987,0.122840
43.000000,-102.117244,22.967926,1.517394,-2.259431,-9.561939,-0.020210
43.100000,-99.563921,19.856840,3.495194,-2.136274,-9.673308,0.095963
43.200000,-97.518252,18.626816,1.471161,-2.026270,-9.768003,-0.074543
43.300000,-97.347347,16.847653,-1.345571,-2.014077,-9.827919,-0.060752
43.400000,-99.460433,13.434009,2.116036,-1.951654,-9.868233,0.094656
43.500000,-96.579909,13.798360,2.430279,-1.590471,-9.858360,0.079805
43.600000,-98.382990,15.427601,1.003841,-1.645342,-10.131175,0.026948
43.700000,-98.025436,15.159708,-0.403079,-1.313401,-10.102229,-0.183870
43.800000,-96.692172,13.116458,1.564671,-1.490588,-9.956877,-0.099020
43.900000,-101.026383,12.147607,-2.245781,-1.088443,-10.237534,0.025094
44.000000,-101.201264,11.780277,-1.385095,-1.101066,-10.240475,0.031345
44.100000,-101.986996,9.236975,1.453330,-0.908710,-10.133686,-0.031448
44.200000,-99.992334,8.858328,-1.403391,-0.915710,-10.304696,-0.041671
44.300000,-98.346482,7.810963,2.486305,-0.900502,-10.300607,-0.142979
44.400000,-102.249671,6.208047,-0.226570,-0.641710,-10.471301,0.146455
44.500000,-100.459704,6.895512,-0.520418,-0.546223,-10.374658,-0.062132
44.600000,-99.619095,6.004483,-1.161012,-0.480964,-10.440882,-0.135648
44.700000,-100.534803,2.871041,2.112855,-0.136794,-10.464870,-0.016983
44.800000,-100.156654,3.900942,0.300076,-0.271863,-10.341327,0.015676
44.900000,-98.172054,-0.862649,2.838197,-0.067891,-10.551144,-0.078380
45.000000,-98.496797,0.362496,-0.170459,-0.227776,-10.504709,-0.029064
45.100000,-99.324261,-1.840821,1.036183,-0.029579,-10.460349,-0.064294
45.200000,-101.594512,-2.221695,0.626754,0.154536,-10.376243,-0.231991
45.300000,-99.075084,-3.662561,0.967065,0.274222,-10.549133,-0.069725
45.400000,-100.798227,-1.942486,0.030281,0.363847,-10.399074,-0.008765
45.500000,-96.059678,-5.302414,2.580753,0.481321,-10.331097,-0.016465
45.600000,-99.476669,-8.185629,0.282519,0.641173,-10.648103,-0.123816
45.700000,-100.444126,-7.491515,0.030003,0.688245,-10.491622,0.104132
45.800000,-100.812320,-8.339175,-1.644240,0.712460,-10.312941,-0.044425
45.900000,-99.487057,-6.833341,-1.382214,0.910967,-10.500357,-0.002888
46.000000,-100.359791,-10.391245,0.784584,0.938100,-10.255725,-0.141441
46.100000,-100.025652,-9.073626,-0.554579,1.117339,-10.176797,0.000483
46.200000,-99.859202,-12.454180,-0.539633,1.378178,-9.955795,0.027725
46.300000,-101.245459,-12.937281,-1.207566,1.450748,-10.007231,0.013741
46.400000,-97.862616,-11.495144,-0.460582,1.575645,-9.839189,-0.111893
46.500000,-99.851335,-15.490583,-0.393603,1.778194,-9.906577,-0.014524
46.600000,-98.867231,-16.903090,-1.165192,1.583417,-9.874526,0.166186
46.700000,-97.698326,-14.115678,-0.392732,1.862277,-9.956469,0.185006
46.800000,-94.969841,-17.162064,-2.765612,2.015450,-9.886179,-0.242156
46.900000,-98.638086,-20.757657,-0.311717,1.997379,-9.743437,-0.103178
47.000000,-100.757751,-21.306585,0.197821,2.338094,-9.591856,-0.010669
47.100000,-97.079375,-22.311348,-0.272967,2.436565,-9.651871,-0.028110
47.200000,-99.619906,-20.035471,-0.457561,2.438415,-9.382646,-0.082269
47.300000,-97.702929,-24.513266,0.880702,2.436849,-9.362337,0.103816
47.400000,-97.885926,-26.308112,-0.939458,2.666195,-9.092149,-0.062374
47.500000,-96.064513,-24.749740,-0.308682,2.674736,-8.904361,-0.112553
47.600000,-100.155165,-27.113398,0.899433,2.879883,-8.980430,-0.054412
47.700000,-94.331707,-29.392625,1.591292,2.828932,-8.845079,0.002713
47.800000,-95.136035,-27.865770,0.718075,3.075981,-8.694024,0.058863
47.900000,-95.679664,-28.915809,-0.977561,3.305909,-8.562076,0.110237
48.000000,-95.342296,-32.701435,2.397518,3.184001,-8.603457,0.086091
48.100000,-95.679280,-30.019038,-0.608413,3.442942,-8.278502,-0.034174
48.200000,-95.739437,-28.697027,-0.619365,3.472702,-8.346198,0.205730
48.300000,-95.077078,-30.553685,0.165301,3.593851,-8.163571,0.010777
48.400000,-91.429790,-31.787541,2.017049,3.750105,-7.958765,-0.032919
48.500000,-93.753147,-33.941807,-1.559435,3.630530,-7.667029,-0.070749
48.600000,-93.911594,-33.337190,1.231459,4.031984,-7.600332,0.061061
48.700000,-96.257686,-38.341664,-0.412894,4.065040,-7.566064,0.023459
48.800000,-93.207405,-36.579774,0.566532,4.122059,-7.271394,0.194135
48.900000,-91.393181,-36.231407,0.835358,4.159082,-7.163824,-0.014882
49.000000,-91.876682,-35.668707,-1.100174,4.115191,-6.944790,-0.143299
49.100000,-91.717419,-38.893241,-1.411845,4.464519,-6.927229,-0.060122
49.200000,-92.270180,-39.415107,-0.597072,4.404416,-6.771705,0.000929
49.300000,-88.828780,-40.356395,-0.782198,4.801437,-6.354479,0.006072
49.400000,-92.100642,-40.068983,0.416652,4.661556,-6.152781,0.155131
49.500000,-88.811472,-39.092946,-1.714865,4.671750,-6.163902,-0.079455
49.600000,-86.811418,-39.559349,0.587025,4.840148,-5.760455,-0.021400
49.700000,-87.742573,-41.131127,-1.594724,4.816871,-5.887265,-0.145200
49.800000,-87.433426,-40.956898,-0.426493,4.988815,-5.393396,-0.133080
49.900000,-85.545315,-42.233534,0.762842,5.069437,-5.431553,-0.028217
50.000000,-83.900117,-43.156932,0.541301,5.241475,-5.215300,0.015399
50.100000,-87.222028,-43.684529,-0.173747,5.255600,-5.095284,0.024517
50.200000,-88.512841,-46.034487,0.603552,5.523944,-4.689671,-0.213486
50.300000,-85.573400,-44.789683,-1.365252,5.416489,-4.708492,-0.111804
50.400000,-82.931229,-43.840093,-0.609262,5.679211,-4.483738,0.023410
50.500000,-84.058749,-44.194929,-2.392429,5.637075,-4.378813,0.198303
50.600000,-81.245804,-46.780460,-0.621495,5.775381,-4.159232,0.158197
50.700000,-83.614152,-46.361926,0.826084,5.766212,-3.817679,0.059554
50.800000,-81.376705,-47.688003,-1.487193,5.951454,-3.703708,0.144329
50.900000,-82.742521,-45.188572,-1.346245,6.013619,-3.444134,0.091918
51.000000,-82.929106,-48.198425,-1.502035,6.065583,-3.270122,0.102751
51.100000,-80.749573,-48.301936,-0.139743,6.169405,-3.138853,0.092580
51.200000,-82.813727,-48.736283,-0.285726,6.249171,-2.828004,0.036445
51.300000,-80.390825,-44.902049,1.791378,6.278347,-2.628849,-0.151390
51.400000,-79.848052,-50.102657,-0.711269,6.468298,-2.337793,-0.005586
51.500000,-75.518315,-49.006906,-0.401976,6.550702,-2.285494,0.078628
51.600000,-78.683966,-50.907270,0.075381,6.598336,-1.968172,0.010288
51.700000,-74.503678,-49.285454,0.931674,6.751341,-1.655893,0.010790
51.800000,-75.691927,-49.513588,0.331485,6.776714,-1.539400,0.125430
51.900000,-75.269800,-49.970764,-2.087767,6.869584,-1.414064,0.122537
52.000000,-77.450235,-51.017591,0.470021,7.049565,-1.090671,-0.160555
52.100000,-75.434859,-50.066883,-2.867692,6.909027,-0.938374,-0.109329
52.200000,-71.012174,-46.550226,-2.233257,7.166425,-0.496522,-0.051977
52.300000,-71.325530,-49.948964,1.524002,7.354313,-0.277209,0.099909
52.400000,-71.111155,-51.363327,0.800557,7.312258,-0.210793,0.023311
52.500000,-70.880601,-50.477808,-1.618385,7.401385,0.072959,0.011570
52.600000,-67.608322,-47.741511,3.585404,7.465154,0.004094,-0.061562
52.700000,-69.770036,-48.684207,1.595004,7.400218,0.421691,0.068424
52.800000,-67.864282,-52.100489,-1.709275,7.400200,0.604584,-0.123026
52.900000,-67.270233,-53.003931,-3.048210,7.727658,0.877698,-0.048443
53.000000,-66.651021,-47.565750,0.329921,7.777943,1.129409,0.073889
53.100000,-66.677245,-47.850911,0.648494,8.025308,1.518206,0.008322
53.200000,-65.753379,-50.296191,-0.383987,8.131556,1.706641,-0.042553
53.300000,-65.192174,-49.179925,-1.409838,7.952731,1.675484,0.080109
53.400000,-63.087661,-45.682635,0.365349,8.301325,1.996845,0.043319
53.500000,-62.130076,-50.808897,-1.161037,7.846925,2.109538,-0.076420
53.600000,-63.687611,-47.613379,0.764691,8.168916,2.473335,0.000308
53.700000,-59.888868,-49.716729,-0.426327,8.391805,2.582106,0.165319
53.800000,-63.327741,-49.826478,0.380636,8.392081,2.979679,-0.030790
53.900000,-61.572950,-48.462790,-0.466339,8.427391,2.989902,0.015761
54.000000,-59.474735,-47.564404,-0.015267,8.359236,3.292321,-0.014669
54.100000,-57.232005,-47.459088,-0.741446,8.346826,3.534044,-0.007580
54.200000,-60.643714,-45.917044,2.332425,8.532459,3.609236,0.122959
54.300000,-55.807954,-45.872890,0.093396,8.607975,3.870451,0.096709
54.400000,-54.696397,-46.677285,1.760950,8.821100,4.162646,-0.047728
54.500000,-53.850505,-44.735518,0.606249,8.693986,4.266956,-0.038101
54.600000,-53.978180,-42.108366,-0.060218,8.785554,4.374152,0.097010
54.700000,-50.690103,-45.622920,1.240494,8.874686,4.653194,-0.051887
54.800000,-53.696650,-43.894080,-0.443386,8.923055,4.903988,-0.088619
54.900000,-51.174670,-45.665245,0.021498,9.107747,5.021376,0.044318
55.000000,-50.180343,-43.765910,-0.772362,9.054972,5.273584,0.032861
55.100000,-47.187122,-43.903215,-0.300846,9.159806,5.382621,-0.021003
55.200000,-48.412528,-39.496179,0.108703,9.251898,5.656134,0.012151
55.300000,-49.321513,-40.559698,-0.084250,9.025086,5.948783,0.038334
55.400000,-49.252425,-39.329075,-0.721061,9.435690,5.975584,-0.035004
55.500000,-45.096960,-38.917848,-2.359288,9.214250,6.168545,0.096475
55.600000,-42.276335,-40.793061,0.756596,9.370251,6.429010,0.090358
55.700000,-45.081005,-40.174048,0.803857,9.429859,6.609232,-0.145657
55.800000,-44.409264,-40.420983,2.782635,9.576456,6.868019,0.081333
55.900000,-41.428422,-35.975743,-1.254116,9.471464,6.659100,0.061648
56.000000,-40.497296,-37.976872,0.791194,9.636030,7.068001,0.035085
56.100000,-42.874106,-39.608127,-1.875828,9.704647,6.958942,-0.139150
56.200000,-37.730930,-34.616011,0.891989,9.631465,7.450506,0.047212
56.300000,-37.646881,-34.352280,-0.615171,9.723922,7.460144,-0.139015
56.400000,-38.044086,-35.110020,-0.169731,9.637443,7.761566,0.030751
56.500000,-35.462195,-32.751376,0.848906,9.899133,7.738687,-0.190237
56.600000,-33.511498,-30.437581,1.145318,9.707404,7.875497,-0.036342
56.700000,-33.705737,-31.725319,-1.188421,9.881871,8.196485,-0.033976
56.800000,-31.571227,-32.574480,3.551370,9.937110,8.227980,-0.001999
56.900000,-32.912866,-30.133048,-0.746106,10.057129,8.478529,0.182546
57.000000,-29.870794,-30.081245,0.472764,9.984812,8.508701,-0.117812
57.100000,-30.769446,-28.934467,-1.050980,10.028191,8.477287,0.014913
57.200000,-26.467797,-25.545458,1.070520,9.975203,8.721433,-0.053520
57.300000,-26.025579,-25.935430,-2.534191,10.081351,8.764191,-0.052738
57.400000,-28.873648,-26.004257,-1.412032,10.113403,8.973165,0.057769
57.500000,-25.513394,-27.154362,-0.818605,9.881515,8.967700,0.060845
57.600000,-22.569834,-24.654014,-0.228007,10.128141,8.993468,-0.046085
57.700000,-23.404369,-23.726543,1.179673,10.071294,9.343820,0.063561
57.800000,-26.734349,-19.184572,2.546013,10.065328,9.609780,0.051953
57.900000,-21.646978,-22.119968,0.581111,10.183092,9.289163,0.131773
58.000000,-23.417465,-24.254675,1.431851,10.121251,9.510067,-0.033703
58.100000,-21.085638,-21.121610,-0.757376,10.205944,9.680030,0.075888
58.200000,-18.915552,-16.524370,2.537858,10.193324,9.741859,-0.042401
58.300000,-16.834444,-18.090525,2.531078,10.292670,9.756764,0.166609
58.400000,-16.915282,-16.439920,-2.104671,10.332969,9.797188,0.009187
58.500000,-15.734750,-15.671853,0.201069,10.348208,9.934055,-0.067915
58.600000,-14.496680,-16.061200,-1.727078,10.321262,9.911213,0.121771
58.700000,-14.776260,-14.861025,-3.644311,10.395275,10.226118,-0.025269
58.800000,-14.831340,-13.682439,2.113226,10.318687,10.130233,0.090944
58.900000,-12.179876,-11.299952,1.502498,10.377672,10.338959,-0.006740
59.000000,-10.136230,-10.324817,0.517999,10.305198,10.416327,-0.070127
59.100000,-9.926256,-7.959673,-2.924332,10.618919,10.172356,-0.022112
59.200000,-10.406015,-7.669905,-1.551930,10.546294,10.201954,0.173221
59.300000,-5.954968,-7.874244,1.322081,10.553879,10.521878,0.166049
59.400000,-6.957853,-7.651303,0.660132,10.285399,10.306239,0.115634
59.500000,-4.690359,-5.160200,2.308352,10.554036,10.392774,-0.101693
59.600000,-7.333505,-3.341199,0.305296,10.410513,10.518940,0.034690
59.700000,-2.700302,-3.876292,2.649010,10.553315,10.525322,-0.103062
59.800000,0.341183,0.056023,-3.885829,10.477577,10.382010,-0.093625
59.900000,1.146863,0.104714,-2.220818,10.541355,10.414053,0.004832
60.000000,1.358593,-0.370072,0.422715,10.547273,10.479952,-0.012451
60.100000,1.782125,0.749196,-0.295137,10.573062,10.303902,-0.110988
60.200000,0.590146,0.989221,2.241623,10.627398,10.468541,-0.022892
60.300000,2.446644,-0.221539,-0.885233,10.518968,10.331924,-0.040235
60.400000,1.638740,6.392176,2.510563,10.427876,10.457227,-0.028443
60.500000,6.251787,6.350497,-1.078045,10.555406,10.220923,0.116057
60.600000,9.440580,4.691167,-1.518821,10.548326,10.485429,0.039711
60.700000,4.995804,6.834157,1.986829,10.572527,10.338088,0.192595
60.800000,10.556488,5.706798,-0.872643,10.559618,10.325416,-0.073797
60.900000,8.919236,8.635858,1.768593,10.414387,10.189657,-0.086818
61.000000,7.296894,12.650571,-1.265575,10.369139,10.183663,-0.208698
61.100000,13.551456,13.687739,0.309332,10.593119,10.029321,0.177747
61.200000,14.417671,13.756760,1.984589,10.353636,10.051503,0.013390
61.300000,11.432154,12.430056,2.981261,10.296041,9.888390,0.071008
61.400000,13.951959,15.265567,0.281919,10.436659,9.941706,0.233995
61.500000,13.916649,16.863660,-0.547764,10.264708,9.944023,0.056185
61.600000,17.368284,16.695714,-0.290589,10.320098,9.874862,-0.036460
61.700000,18.881461,17.880518,0.956144,10.277071,9.893857,-0.096731
61.800000,17.383030,18.110300,0.698461,10.291512,9.693222,-0.032690
61.900000,18.388238,18.821836,-1.102648,10.264428,9.601977,0.017308
62.000000,18.668786,17.206042,0.076990,10.113950,9.365353,-0.070576
62.100000,20.574796,20.331451,-0.326937,10.377293,9.346796,-0.076668
62.200000,23.438425,21.319047,0.336845,10.241652,9.483380,-0.142096
62.300000,23.393427,21.797394,0.282050,10.335187,9.085485,0.000467
62.400000,26.460706,24.640711,-1.392154,10.298266,9.286552,-0.035607
62.500000,24.184972,24.318042,1.174353,10.144087,8.997486,0.011020
62.600000,26.376908,23.466437,-0.738207,10.070134,8.868705,-0.177309
62.700000,26.879532,25.825023,0.246475,10.001075,8.861775,-0.135305
62.800000,28.206467,27.173678,0.496860,10.063839,8.618693,0.062909
62.900000,31.348922,27.577027,-0.346436,10.144531,8.579461,0.111493
63.000000,29.665254,28.054633,1.426036,9.941230,8.742450,0.124856
63.100000,31.662964,30.138534,0.016494,9.940923,8.395386,-0.044634
63.200000,32.910222,31.548540,-1.813094,9.896690,8.099987,-0.147342
63.300000,37.265757,30.494517,0.844373,9.899197,7.985303,-0.065734
63.400000,33.203689,35.500300,-3.800003,9.859169,7.973648,0.048676
63.500000,34.743364,33.767073,2.421568,9.865810,7.799238,0.055377
63.600000,33.958225,34.781297,-2.135798,9.753642,7.789290,-0.076291
63.700000,40.299892,35.183852,-1.066943,9.650096,7.502430,-0.038332
63.800000,38.709377,36.032745,2.590321,9.713299,7.122068,0.147838
63.900000,42.086603,35.604212,0.623439,9.657988,7.113619,0.093171
64.000000,41.021021,39.692060,-1.699639,9.489651,7.056565,0.041368
64.100000,40.853484,37.253075,-1.632806,9.499872,6.932173,-0.017417
64.200000,42.721202,38.719487,-3.713909,9.562032,6.669443,0.019563
64.300000,41.010688,37.908970,-3.326977,9.413527,6.610990,0.150762
64.400000,46.666291,39.156547,0.141899,9.285404,6.239675,-0.154074
64.500000,45.164972,39.365286,-0.086889,9.382493,6.188001,-0.017784
64.600000,46.515745,40.856211,0.388098,9.245855,5.836969,0.049804
64.700000,47.707028,42.392137,0.205824,9.129945,5.825048,0.037858
64.800000,50.020556,42.506015,2.403813,9.151657,5.786655,0.046724
64.900000,48.664286,43.390372,0.504925,9.214659,5.497529,-0.117844
65.000000,52.514468,42.831994,0.670780,9.248842,5.117454,0.070688
65.100000,50.685349,43.480138,-2.773162,8.909385,5.097171,0.049825
65.200000,51.256673,46.184053,0.404496,8.993659,4.915072,0.169708
65.300000,50.821755,46.826123,-0.862513,8.929102,4.403143,-0.040892
65.400000,53.046726,45.912608,0.842391,8.740602,4.495540,-0.096980
65.500000,55.259030,45.107563,1.399277,8.618201,4.011030,0.078100
65.600000,54.404075,45.331278,0.488653,8.718483,3.987700,-0.054688
65.700000,56.681253,47.003320,1.992661,8.658778,4.020921,0.036904
65.800000,58.728853,48.274445,-0.854322,8.683780,3.633246,0.069047
65.900000,55.589233,47.662310,-2.753952,8.676037,3.454771,-0.156004
66.000000,55.821880,46.588324,0.610642,8.431857,3.255211,-0.022060
66.100000,59.700725,47.809735,1.116522,8.627930,2.972866,-0.285592
66.200000,57.229049,48.485932,-1.175606,8.314886,2.884465,-0.009890
66.300000,59.336926,48.522811,0.078439,8.287876,2.572052,-0.024992
66.400000,62.986484,47.425269,-0.519490,8.053044,2.434240,-0.140471
66.500000,63.784103,48.998035,0.130766,7.989162,2.157328,-0.055127
66.600000,64.109998,50.099114,-1.158635,8.081398,1.969316,-0.056953
66.700000,64.063063,49.959912,-1.831287,7.936805,1.687948,0.030259
66.800000,65.202828,48.344374,-1.580152,7.869402,1.479857,-0.034606
66.900000,66.925540,48.833924,0.016175,7.884384,1.289800,0.090688
67.000000,68.256220,50.643399,-1.291958,7.930645,1.151367,-0.037161
67.100000,68.318162,50.202449,-0.965076,7.686125,0.979861,0.059075
67.200000,65.692716,50.050458,0.859321,7.604197,0.725250,-0.003180
67.300000,67.665349,47.864674,-1.928658,7.573938,0.584594,0.105499
67.400000,70.190861,47.935837,0.379126,7.539741,0.105691,0.191540
67.500000,69.636695,49.340519,-1.162573,7.302493,0.022041,0.107161
67.600000,71.177775,49.508543,-0.444997,7.335587,-0.123054,-0.038329
67.700000,72.667228,48.513556,-0.097164,7.425485,-0.248101,-0.002145
67.800000,71.625918,48.925827,0.077722,7.206847,-0.724754,-0.153482
67.900000,74.277406,49.013992,0.331987,7.075289,-1.011261,0.007643
68.000000,76.227474,50.500192,-0.239727,7.092966,-1.212937,0.008575
68.100000,74.043024,50.265891,-1.139070,6.831818,-1.196210,0.037909
68.200000,74.699785,51.139536,-0.607637,6.943707,-1.431780,-0.027044
68.300000,76.390735,47.662096,-1.038922,6.682641,-1.679764,-0.026591
68.400000,77.366108,51.821364,3.674008,6.816271,-2.082232,-0.043700
68.500000,76.303042,49.039137,1.877404,6.606695,-2.197857,-0.128582
68.600000,76.603516,48.065233,-0.930640,6.581996,-2.252521,-0.035704
68.700000,78.340070,47.745735,0.788945,6.445308,-2.710643,-0.116292
68.800000,79.194420,47.713378,-0.203732,6.373260,-2.909571,0.151676
68.900000,80.450824,49.944512,1.706045,6.178022,-2.943476,0.173069
69.000000,79.983779,45.813627,-1.957245,6.105996,-3.115580,0.030491
69.100000,81.390817,48.267499,1.059091,6.135453,-3.395703,0.059188
69.200000,79.987019,47.770317,-0.409190,5.877537,-3.575557,0.094699
69.300000,80.699666,47.137971,-2.830816,5.963211,-3.852344,-0.111301
69.400000,82.710725,45.899584,1.773872,5.859419,-3.930725,-0.097739
69.500000,81.953786,44.226336,-1.861556,5.781561,-4.155119,0.016253
69.600000,83.891302,44.668291,-1.693692,5.717594,-4.484123,-0.087076
69.700000,87.310508,47.184045,-0.136168,5.586157,-4.679904,0.080788
69.800000,87.719854,45.030612,-0.312309,5.516168,-4.938405,0.140380
69.900000,85.263013,44.024275,0.311667,5.187303,-5.205331,0.239355
70.000000,88.460665,43.863742,1.369321,5.132208,-5.146608,0.028521
70.100000,89.020485,41.776012,-0.210794,5.051738,-5.425217,-0.029481
70.200000,85.756570,43.838960,-0.434822,5.142941,-5.728579,0.096847
70.300000,87.763529,40.698668,0.727205,4.825083,-5.967313,0.000543
70.400000,87.080020,40.030687,-1.957065,4.656282,-6.011685,0.182026
70.500000,93.390929,41.285792,-1.166720,4.892347,-6.059988,0.134680
70.600000,85.795580,40.753086,-0.117785,4.801352,-6.477565,0.039046
70.700000,89.517133,36.793698,-1.110395,4.640978,-6.639609,-0.079095
70.800000,90.592303,41.143733,1.015993,4.366397,-6.727346,-0.064351
70.900000,89.488663,37.299978,0.649489,4.428020,-6.902575,0.059699
71.000000,91.549856,36.133461,1.526239,4.355798,-6.939164,0.030848
71.100000,93.175042,36.211435,1.317201,4.323071,-7.132100,-0.017546
71.200000,92.276262,36.680372,1.730805,4.122843,-7.356466,-0.113467
71.300000,95.616245,35.716549,0.678495,3.905764,-7.483687,-0.092574
71.400000,93.407348,35.403590,-0.058072,3.933558,-7.750344,-0.127775
71.500000,93.127235,33.766968,1.026765,3.735997,-7.814649,-0.008400
71.600000,94.544532,30.685709,-0.039554,3.538279,-7.943990,-0.129095
71.700000,95.443427,30.350240,-2.904360,3.539972,-8.166410,-0.213901
71.800000,95.270357,29.795449,-2.086617,3.487488,-8.293462,0.209032
71.900000,97.799417,30.784949,-1.767322,3.191443,-8.310833,-0.088664
72.000000,96.283076,29.848550,-0.187932,3.353257,-8.605240,0.183247
72.100000,95.198917,27.769209,0.817246,3.152095,-8.823595,-0.128000
72.200000,96.616510,25.776679,0.657516,2.790930,-8.760778,0.095193
72.300000,93.783532,27.762185,-2.548919,2.959280,-8.933020,-0.200819
72.400000,93.211819,25.419440,2.126180,2.888107,-8.838768,0.143045
72.500000,94.704040,28.614149,0.117815,2.777159,-9.042817,-0.090779
72.600000,98.815305,25.483437,0.479065,2.596740,-9.242180,-0.011602
72.700000,95.626596,21.994609,-2.230018,2.405823,-9.104569,0.019264
72.800000,95.950196,23.495923,0.922318,2.401627,-9.262705,-0.059690
72.900000,95.288297,22.209294,-1.024258,2.220565,-9.484430,-0.041809
73.000000,99.126968,21.356632,-2.377528,2.192378,-9.790089,0.060539
73.100000,99.132453,19.945685,-2.887284,2.026344,-9.689655,-0.054111
73.200000,99.907716,19.614982,0.857531,1.905923,-9.803878,0.140292
73.300000,97.511902,20.644982,1.161538,1.792343,-10.000820,-0.021707
73.400000,97.978798,18.524005,-1.726161,1.748771,-9.777432,-0.037715
73.500000,97.343714,15.669657,-1.302386,1.543416,-9.931341,-0.061918
73.600000,99.725471,14.311680,-2.144228,1.450344,-9.811811,-0.016426
73.700000,100.470491,13.995150,-0.976083,1.470699,-10.064794,-0.039273
73.800000,97.763593,13.275375,0.033674,1.259026,-10.039298,0.056293
73.900000,96.497446,9.877341,1.329363,1.196211,-10.037411,-0.142282
74.000000,97.537806,11.062346,3.501664,1.053363,-10.308526,-0.088481
74.100000,100.242719,7.487457,2.375117,0.963865,-10.291159,-0.042379
74.200000,99.608238,9.629555,-0.211039,0.818919,-10.409768,0.013355
74.300000,98.598641,4.027549,0.532589,0.892920,-10.427804,-0.033225
74.400000,98.715225,6.599130,0.840859,0.438713,-10.276560,0.058049
74.500000,97.461860,3.161832,1.147047,0.579939,-10.463386,0.100156
74.600000,97.657270,6.984670,-0.314892,0.537556,-10.398810,0.126205
74.700000,100.886720,1.644865,2.434692,0.420596,-10.469784,-0.040326
74.800000,98.492918,2.756431,-0.519606,0.165394,-10.375322,0.154997
74.900000,100.864375,2.868716,0.234068,0.122195,-10.420775,-0.034438
75.000000,99.616334,-2.368225,0.410076,-0.065754,-10.458175,0.216295
75.100000,99.609553,-3.046643,-2.311872,-0.181358,-10.392255,-0.153188
75.200000,100.927511,-1.840557,1.334430,-0.123988,-10.507689,0.059079
75.300000,102.997451,-2.418312,0.225661,-0.212962,-10.377300,-0.126208
75.400000,101.638257,-2.325395,0.243150,-0.568409,-10.474947,0.086324
75.500000,101.567769,-8.029157,-0.971237,-0.584470,-10.294714,-0.006096
75.600000,102.050934,-8.590172,0.635670,-0.709746,-10.271426,0.060328
75.700000,97.533303,-10.018552,0.662237,-0.727830,-10.361872,-0.022505
75.800000,99.481003,-7.370841,1.247788,-0.966987,-10.262982,-0.247031
75.900000,99.538182,-10.808403,-0.206448,-0.863403,-10.252709,0.043770
76.000000,101.033067,-9.753140,1.718142,-1.051240,-10.383390,-0.068656
76.100000,98.548324,-12.804596,1.419340,-1.133871,-10.442071,-0.002478
76.200000,100.106958,-12.218335,-1.303960,-1.133180,-10.051667,-0.060757
76.300000,99.621117,-10.623877,1.959131,-1.481522,-9.986542,0.028958
76.400000,100.036075,-14.815616,-3.013002,-1.706307,-10.141181,-0.093589
76.500000,95.896732,-13.814965,0.771409,-1.540186,-9.833603,-0.116449
76.600000,97.856734,-17.190897,-2.302968,-1.715083,-9.921253,-0.119098
76.700000,99.659466,-16.711471,-1.957993,-1.921950,-9.710478,-0.018023
76.800000,95.701923,-16.327351,0.809650,-1.928711,-9.729370,0.103779
76.900000,96.182798,-19.590686,0.201952,-2.052930,-9.848442,0.022609
77.000000,96.033767,-18.813612,-1.303645,-2.186141,-9.537337,0.151401
77.100000,95.538642,-21.307007,0.628472,-2.252908,-9.363777,0.032455
77.200000,98.280625,-23.671199,0.538032,-2.324024,-9.414749,-0.166086
77.300000,97.036217,-24.594067,0.533353,-2.426986,-9.265261,-0.059084
77.400000,95.269563,-24.969734,-1.265100,-2.463377,-9.200592,-0.199384
77.500000,97.165464,-25.491846,-0.543708,-2.640459,-8.964044,-0.013383
77.600000,95.519408,-25.969158,-1.110662,-2.790833,-9.046746,0.090081
77.700000,97.531378,-27.529397,-0.433467,-2.778407,-8.738403,-0.154393
77.800000,95.908221,-28.055759,-0.087522,-3.038813,-8.682180,0.003302
77.900000,95.301254,-26.952391,1.683143,-3.200592,-8.790461,0.046192
78.000000,94.569787,-28.213805,1.111289,-3.192948,-8.569237,-0.034932
78.100000,95.327320,-30.400696,0.425067,-3.441778,-8.422128,-0.039500
78.200000,93.232517,-30.483878,-2.721216,-3.534486,-8.224301,0.064846
78.300000,96.240932,-29.521031,2.492455,-3.570112,-8.211058,-0.060542
78.400000,96.337497,-32.329734,-3.534458,-3.663306,-7.813746,-0.125335
78.500000,93.715902,-35.838508,-0.687773,-3.509142,-7.864333,0.054274
78.600000,91.424534,-34.113298,1.398289,-3.811061,-7.518427,0.016177
78.700000,91.054210,-34.295667,1.232731,-3.909715,-7.411742,0.075084
78.800000,92.320116,-37.928194,-0.939847,-3.960241,-7.459367,-0.023781
78.900000,91.550214,-37.369719,-1.258007,-4.230625,-7.074145,0.045930
79.000000,93.142552,-34.260806,0.749139,-4.158077,-7.165629,0.120884
79.100000,89.343985,-37.387917,-1.693884,-4.344685,-6.926585,0.139867
79.200000,87.994186,-39.178982,2.863075,-4.596754,-6.625178,-0.022242
79.300000,90.780361,-40.030862,-0.728155,-4.475899,-6.486591,-0.119148
79.400000,89.485776,-40.633196,-0.088508,-4.553678,-6.404430,0.174395
79.500000,88.199930,-41.999674,-0.633990,-5.055517,-6.140268,-0.079787
79.600000,88.300968,-42.070528,-2.234986,-4.672009,-6.108026,-0.058383
79.700000,85.992537,-41.215358,0.876013,-5.016808,-5.900134,-0.151970
79.800000,88.588121,-42.197790,0.120275,-4.895170,-5.465123,-0.017238
79.900000,85.779078,-40.125740,-3.080988,-5.184815,-5.420510,-0.042700
80.000000,84.387622,-44.692237,3.638792,-5.426647,-5.291103,-0.036119
80.100000,87.736704,-42.733516,-0.365941,-5.258369,-5.055707,0.017386
80.200000,85.602149,-44.808552,-0.998861,-5.399792,-4.657696,-0.021340
80.300000,85.423443,-43.126663,-1.549326,-5.422834,-4.663858,0.067344
80.400000,83.837933,-45.535891,-1.192030,-5.620037,-4.555345,0.088109
80.500000,87.698661,-45.024425,3.571595,-5.797864,-4.486809,-0.028530
80.600000,84.124381,-47.050635,-1.737533,-5.780514,-4.046443,-0.086721
80.700000,81.761167,-45.304838,-0.244625,-5.902887,-3.962195,-0.100423
80.800000,81.268637,-46.488502,0.127953,-5.964944,-3.697921,0.185420
80.900000,80.677184,-44.900283,-1.412488,-6.177836,-3.318645,-0.112611
81.000000,79.924632,-47.886028,-0.594070,-6.040177,-3.145634,0.051615
81.100000,79.458600,-45.727908,-0.153814,-6.243018,-3.208069,0.090800
81.200000,79.756564,-49.185759,-0.494271,-6.488606,-2.726315,-0.091863
81.300000,78.888658,-50.350338,3.190256,-6.466755,-2.871596,-0.069792
81.400000,78.186318,-46.125266,-0.978877,-6.559964,-2.337201,0.000137
81.500000,76.396777,-50.539105,-1.596371,-6.520203,-2.159201,-0.086412
81.600000,74.286103,-47.247692,2.654690,-6.575251,-1.995533,-0.011480
81.700000,76.953404,-48.040662,-0.666234,-6.777140,-1.680632,0.198418
81.800000,78.301056,-47.048308,0.850501,-6.704557,-1.563130,-0.047078
81.900000,74.392351,-49.214658,-0.023161,-6.880258,-1.273913,-0.012271
82.000000,75.021912,-49.111461,-0.983111,-7.052295,-1.044615,-0.062208
82.100000,70.738385,-52.855090,0.501986,-6.933192,-0.891316,-0.290255
82.200000,71.628741,-51.659666,-1.012940,-7.232441,-0.393281,0.052725
82.300000,69.378968,-49.869204,-0.082841,-7.228532,-0.442977,-0.075251
82.400000,70.388066,-48.896965,-0.467382,-7.440552,-0.260109,-0.136827
82.500000,69.813894,-47.752103,2.811358,-7.240284,-0.076085,-0.109503
82.600000,71.968847,-49.946646,0.466020,-7.557960,0.388093,0.123318
82.700000,67.674053,-52.997469,2.196442,-7.543048,0.558708,-0.012049
82.800000,68.833360,-49.039298,-0.273044,-7.645619,0.623287,0.028191
82.900000,66.152842,-46.770780,-3.265242,-7.563813,0.759136,0.018337
83.000000,64.180424,-49.140859,0.825925,-7.591605,1.329347,0.212714
83.100000,62.831527,-48.215716,-0.099146,-7.785987,1.243521,-0.066616
83.200000,67.338648,-48.927992,1.168942,-8.016968,1.532588,-0.009233
83.300000,64.320957,-52.279207,1.251121,-7.968012,1.848235,0.127207
83.400000,62.445323,-48.794252,0.179772,-8.090600,1.875635,-0.000563
83.500000,63.772538,-50.910102,1.418429,-8.222493,2.428920,0.063456
83.600000,62.578991,-48.558472,-2.305752,-8.362460,2.299708,-0.024310
83.700000,60.101763,-46.680022,-0.231152,-8.339975,2.832406,-0.026018
83.800000,60.729361,-47.224382,-0.081100,-8.339873,2.779404,-0.268199
83.900000,58.556112,-48.442642,0.264046,-8.402492,2.983277,-0.062572
84.000000,58.304369,-47.306441,-3.141971,-8.609820,3.178703,0.062875
84.100000,58.615741,-47.820863,-0.571870,-8.361687,3.359218,0.030679
84.200000,59.355743,-44.749163,-1.785650,-8.459029,3.564856,0.175751
84.300000,56.084284,-45.847204,-0.545994,-8.672361,3.824930,0.153873
84.400000,55.611759,-47.847012,1.699214,-8.633346,4.065540,0.058023
84.500000,53.576912,-48.105932,0.456436,-8.811487,4.241290,0.157691
84.600000,49.978490,-45.340155,0.781823,-9.153579,4.369298,0.010132
84.700000,49.448804,-44.485266,1.816014,-8.999864,4.661146,0.028147
84.800000,51.336715,-45.816320,-1.689622,-9.119895,4.795422,0.077185
84.900000,47.922542,-42.946145,-3.346125,-9.039220,5.149939,0.055885
85.000000,51.265514,-45.512868,-0.057119,-8.962353,5.319864,-0.218810
85.100000,50.350125,-41.741360,-0.037957,-9.043624,5.551899,-0.087013
85.200000,47.521658,-43.317807,1.227112,-9.186920,5.621000,-0.080214
85.300000,50.282169,-43.061836,-1.362892,-9.162371,5.732078,-0.095267
85.400000,47.848335,-39.263020,-0.135872,-9.187861,5.910055,-0.137354
85.500000,46.363494,-39.714865,2.578655,-9.278629,5.964926,-0.058907
85.600000,44.823905,-40.538067,0.366779,-9.460726,6.263056,-0.034067
85.700000,41.838959,-38.970738,-1.322076,-9.689051,6.294368,-0.072663
85.800000,44.594450,-39.613555,0.552010,-9.425463,6.758769,0.113307
85.900000,41.282016,-37.648292,-3.331127,-9.557429,6.863083,0.045907
86.000000,42.480123,-35.238063,1.364273,-9.683284,7.187856,-0.162820
86.100000,38.787718,-38.075837,0.518256,-9.632785,7.190372,0.126383
86.200000,38.939857,-35.300989,-3.414184,-9.642683,7.080310,0.011467
86.300000,37.087290,-35.554176,1.591142,-9.498224,7.369695,-0.021315
86.400000,37.933470,-34.464690,-1.695758,-9.774303,7.519839,-0.122385
86.500000,39.586584,-34.832527,0.918097,-9.898450,7.783674,0.173321
86.600000,33.825342,-29.036609,1.234654,-9.826606,7.947375,-0.192125
86.700000,34.482258,-33.065331,0.479642,-9.848214,8.068922,0.047659
86.800000,36.882247,-29.268601,-2.359756,-9.977099,8.410311,-0.007856
86.900000,30.423355,-29.220697,-0.635221,-9.895170,8.374327,-0.025799
87.000000,32.155322,-30.569225,0.161925,-10.062692,8.445203,-0.028174
87.100000,29.763015,-25.121205,0.580767,-9.897308,8.499118,-0.048283
87.200000,27.982690,-24.124893,-1.319170,-9.908335,8.527858,-0.098850
87.300000,27.440915,-25.539013,0.228203,-10.116114,8.804729,0.040162
87.400000,26.314409,-27.950543,-0.446626,-10.153369,9.112848,0.004436
87.500000,25.699059,-21.794165,1.431124,-10.150754,9.125218,0.111082
87.600000,24.301205,-23.400328,1.798814,-10.150793,9.179388,-0.054760
87.700000,23.055796,-23.564432,-0.186843,-10.206391,9.416133,0.173012
87.800000,22.377398,-20.453823,2.137841,-10.374660,9.449213,-0.033442
87.900000,24.527582,-19.817772,1.107582,-10.288172,9.498234,0.025002
88.000000,21.291784,-21.005063,-0.154840,-10.305804,9.592817,0.133630
88.100000,21.593993,-17.765261,-2.990394,-10.270171,9.478426,-0.104572
88.200000,18.928468,-17.176909,-1.078019,-10.281234,9.658408,-0.086187
88.300000,19.982825,-19.708517,0.975850,-10.474940,9.944376,-0.209495
88.400000,16.156497,-18.262827,0.496844,-10.193858,9.931484,0.097042
88.500000,16.619457,-15.628902,0.935761,-10.430677,9.826230,-0.016274
88.600000,11.803244,-14.380862,1.520354,-10.406431,10.000782,-0.189894
88.700000,14.633894,-14.599539,0.079801,-10.238625,9.942438,-0.056133
88.800000,13.455983,-13.742529,-0.879340,-10.214441,10.313554,0.114140
88.900000,11.373177,-10.865679,0.881074,-10.314420,10.408113,-0.047053
89.000000,9.492390,-9.033571,-0.125044,-10.177708,10.462532,-0.120324
89.100000,8.517910,-12.709993,-2.979885,-10.449866,10.264779,0.069729
89.200000,7.381492,-10.229488,-0.801287,-10.415229,10.451627,0.241781
89.300000,8.196707,-7.723443,-0.026478,-10.419240,10.417056,-0.034425
89.400000,5.964694,-5.576739,2.183981,-10.527591,10.503837,-0.015977
89.500000,3.755144,-8.417843,1.234045,-10.429979,10.494725,0.033719
89.600000,6.012692,-3.486071,-1.336451,-10.566578,10.446685,0.048165
89.700000,3.013097,-2.450888,1.269486,-10.361069,10.506644,0.152193
89.800000,0.947910,-0.908429,0.161842,-10.387758,10.525288,-0.108214
89.900000,1.273358,0.820716,-1.639714,-10.525548,10.432845,0.040930
90.000000,-1.864095,0.135394,0.679861,-10.344405,10.447899,0.017318
90.100000,-2.042159,1.368432,1.035492,-10.480129,10.778230,0.187497
90.200000,1.591147,1.136313,-1.624778,-10.504372,10.423772,-0.049084
90.300000,-5.967994,2.259021,2.978877,-10.298284,10.492152,-0.005821
90.400000,-2.887668,5.075888,0.647476,-10.595408,10.572429,0.179434
90.500000,-1.993334,5.360697,-0.732363,-10.493256,10.426061,0.102090
90.600000,-7.840989,9.597829,-0.800862,-10.340673,10.318564,-0.134018
90.700000,-6.293701,8.314478,1.185850,-10.402012,10.426332,-0.255231
90.800000,-6.115695,11.502420,1.064987,-10.376539,10.287426,0.185542
90.900000,-7.214858,8.304881,-1.941226,-10.471845,10.241056,0.164453
91.000000,-10.382761,12.348907,-1.582446,-10.476260,10.206805,-0.048792
91.100000,-11.181607,10.986625,-1.047019,-10.534710,10.298640,-0.071244
91.200000,-13.292708,16.712715,2.038927,-10.201323,10.135260,0.025339
91.300000,-10.020032,11.219435,1.807491,-10.364956,9.903540,0.000223
91.400000,-13.032539,15.443376,-1.434318,-10.445779,10.207036,-0.171101
91.500000,-15.797549,14.772894,2.466436,-10.442603,9.826828,0.055823
91.600000,-18.117570,14.510525,-0.386176,-10.299561,9.924055,0.074915
91.700000,-17.158395,18.138315,-2.342351,-10.328005,9.814443,-0.030466
91.800000,-20.322695,20.084310,-3.040497,-10.189183,9.776734,-0.108786
91.900000,-19.488472,20.369969,-3.200331,-10.217686,9.774868,0.021437
92.000000,-20.832542,21.083947,-1.038924,-10.207295,9.748369,-0.143970
92.100000,-21.994841,19.784912,-1.918428,-10.283550,9.572254,0.085154
92.200000,-20.840285,22.316072,0.671243,-10.070444,9.366143,0.052513
92.300000,-21.458977,22.478499,0.713294,-10.208503,9.535919,-0.065285
92.400000,-24.889512,23.013635,-0.165586,-10.090149,9.122473,-0.136776
92.500000,-27.102720,24.786123,1.720007,-10.264213,9.062512,0.071596
92.600000,-28.935790,26.540902,-0.797186,-10.139405,9.050045,0.119181
92.700000,-26.846219,25.981036,-0.361399,-10.124605,8.857480,-0.110054
92.800000,-29.974216,30.326776,-2.538175,-10.034891,8.751393,-0.058878
92.900000,-29.969999,27.055405,3.777451,-10.221452,8.535358,-0.080361
93.000000,-32.438035,26.166779,-0.961122,-9.859144,8.511455,-0.073543
93.100000,-32.436121,30.933645,1.388179,-9.893119,8.318019,-0.233508
93.200000,-33.184484,31.441534,0.539603,-9.932455,8.085790,0.021673
93.300000,-36.093102,28.500927,-1.158504,-9.977063,7.932886,-0.139146
93.400000,-33.900416,35.188773,0.661133,-9.774249,7.833776,-0.071483
93.500000,-36.159536,33.534032,-2.034521,-9.751052,7.817881,0.073500
93.600000,-34.754667,35.931944,-0.509632,-9.760472,7.600398,0.083455
93.700000,-37.248020,34.832665,-0.161324,-9.620034,7.279622,0.134947
93.800000,-40.714120,37.317678,1.864029,-9.869797,7.422123,0.027238
93.900000,-37.753422,37.152087,1.270398,-9.672151,7.120373,-0.014943
94.000000,-38.271933,33.522875,-2.337354,-9.543112,7.092985,0.001778
94.100000,-40.289332,38.263902,2.388201,-9.426813,6.902130,0.113169
94.200000,-42.351050,39.167402,-0.706040,-9.485989,6.741438,-0.016336
94.300000,-44.782112,38.552453,-1.548889,-9.473518,6.522799,0.231779
94.400000,-44.163361,37.636783,-0.114925,-9.412420,6.328363,-0.119210
94.500000,-45.548619,40.783332,1.191467,-9.354805,6.172728,0.039658
94.600000,-48.372931,41.935528,1.241677,-9.298819,5.954444,-0.058799
94.700000,-47.845584,42.659532,-0.052259,-9.000211,5.869175,0.090239
94.800000,-47.172470,43.681669,2.681133,-9.079735,5.512963,-0.026047
94.900000,-48.643780,41.189851,-1.479813,-9.253363,5.341742,0.049672
95.000000,-50.309630,44.183040,0.473843,-9.096165,5.278737,-0.377724
95.100000,-52.761856,43.642227,1.980423,-9.028547,5.061640,-0.056416
95.200000,-49.922787,42.507419,3.097937,-9.069641,4.855057,0.007121
95.300000,-50.772985,44.117272,1.382978,-8.971105,4.456882,0.060034
95.400000,-53.866422,42.526318,2.235817,-8.890993,4.478715,0.022504
95.500000,-54.852329,47.987195,1.531772,-8.805636,4.244655,-0.100099
95.600000,-53.224181,48.791808,-0.504323,-8.701316,4.086058,-0.004973
95.700000,-55.896807,44.850711,0.441868,-8.542052,3.864435,0.103630
95.800000,-57.030577,45.676783,-0.325841,-8.647991,3.620875,0.043598
95.900000,-57.421392,49.392027,0.665285,-8.556545,3.337234,0.094858
96.000000,-60.420635,47.274736,-0.164402,-8.413078,3.334744,0.018076
96.100000,-56.233239,46.089352,0.710761,-8.391785,2.987304,0.034023
96.200000,-61.048727,45.230901,0.825351,-8.410637,2.851007,0.080802
96.300000,-60.428578,49.537647,2.163836,-8.372039,2.507665,0.062039
96.400000,-62.240579,49.290764,1.921393,-8.353363,2.404585,0.069930
96.500000,-62.447513,48.303960,0.552515,-8.106528,2.180736,-0.188667
96.600000,-64.472562,49.849854,-1.774433,-7.946515,1.948222,-0.108092
96.700000,-65.663608,46.948186,0.234608,-7.860508,1.584853,0.175404
96.800000,-65.372213,49.121759,2.014421,-7.703025,1.559140,-0.191519
96.900000,-68.453814,48.983098,-2.621261,-7.883653,1.456771,0.125749
97.000000,-64.774407,51.262736,-3.737738,-7.805645,1.232709,-0.246736
97.100000,-69.590296,47.925705,0.312041,-7.712060,0.848399,0.165886
97.200000,-69.250175,48.656903,0.571718,-7.549774,0.807850,-0.113028
97.300000,-69.195223,50.558642,1.791856,-7.653916,0.499336,0.186103
97.400000,-72.587380,51.575045,-1.007602,-7.460832,0.211469,0.271303
97.500000,-72.270168,50.857373,0.549546,-7.333117,0.128859,0.142504
97.600000,-70.824351,49.590382,-0.284091,-7.234962,-0.181013,0.063675
97.700000,-73.201601,49.448093,-1.494126,-7.145948,-0.623554,0.173189
97.800000,-71.259904,50.923322,-0.575449,-7.308571,-0.725127,0.005635
97.900000,-75.452555,51.025951,-0.746835,-7.015680,-1.037778,-0.250342
98.000000,-73.484188,47.783126,0.034596,-6.987825,-1.096773,-0.042929
98.100000,-74.362825,49.689466,-1.205044,-6.972830,-1.304649,-0.063354
98.200000,-76.402261,49.658408,0.600940,-7.042603,-1.653133,-0.071017
98.300000,-73.707458,49.688387,-0.891439,-6.835490,-1.691285,-0.115447
98.400000,-77.109509,48.546626,-1.605083,-6.723027,-2.028908,0.029567
98.500000,-78.997315,48.687887,-0.667617,-6.571224,-2.101805,0.049825
98.600000,-76.943937,49.190433,-0.630261,-6.398301,-2.445131,0.068385
98.700000,-78.668930,52.078456,0.453504,-6.444873,-2.699532,0.045478
98.800000,-78.425589,46.479890,2.426368,-6.510195,-2.842001,-0.212481
98.900000,-79.761039,48.059404,0.104132,-6.245543,-2.953192,-0.015242
99.000000,-77.767960,46.977106,-0.447429,-6.067498,-3.205109,-0.018244
99.100000,-81.662450,45.893739,2.119800,-6.087971,-3.415964,-0.001728
99.200000,-82.038826,46.855486,-1.453847,-5.801365,-3.605747,0.020017
99.300000,-81.391251,44.620915,-0.785608,-5.766055,-3.942698,0.054351
99.400000,-83.705628,44.828399,-0.570691,-5.678239,-3.992147,-0.127526
99.500000,-84.170206,46.718347,-2.882074,-5.601851,-4.150378,0.139902
99.600000,-83.973116,43.298646,-0.627961,-5.660640,-4.586308,-0.026684
99.700000,-87.386888,42.691715,0.380445,-5.568792,-4.710509,0.120527
99.800000,-86.101538,42.541660,-0.279668,-5.453682,-4.937451,-0.195422
99.900000,-85.048446,41.927865,2.245781,-5.544256,-4.860951,-0.061382
100.000000,-87.581133,44.640684,-0.387464,-5.092728,-5.453942,-0.189398
100.100000,-87.424223,41.487450,0.548846,-4.981994,-5.580600,0.086783
100.200000,-89.622505,41.135204,2.774609,-5.031692,-5.651286,0.242501
100.300000,-85.943460,42.368836,2.578671,-5.115770,-5.747592,0.132466
100.400000,-86.969066,39.712013,0.504993,-4.803113,-6.096024,0.159619
100.500000,-89.928095,39.370819,0.856600,-4.588729,-6.175319,-0.068636
100.600000,-88.072432,40.531342,-0.296205,-4.553057,-6.397163,-0.052204
100.700000,-93.421907,39.719044,1.409980,-4.490203,-6.388853,0.005469
100.800000,-91.722297,40.921527,-1.917427,-4.565962,-6.643949,0.140236
100.900000,-91.711223,38.585827,-1.083142,-4.443984,-6.885116,-0.144228
101.000000,-93.243903,36.576155,1.492012,-4.155043,-6.761126,-0.070426
101.100000,-88.883904,37.701106,-0.006497,-4.111371,-7.154858,-0.063937
101.200000,-93.106310,35.640993,-0.194593,-4.113748,-7.206874,-0.050114
101.300000,-90.698869,36.188752,-0.435131,-3.814974,-7.470354,0.005850
101.400000,-94.227116,34.893587,0.381205,-3.865150,-7.657588,-0.024298
101.500000,-92.741481,32.427029,0.096401,-3.957835,-7.922963,-0.027255
101.600000,-96.086707,32.718221,0.257470,-3.631938,-8.091968,-0.053670
101.700000,-91.063035,32.006040,1.539568,-3.566719,-7.981404,0.086264
101.800000,-95.582309,30.069662,-0.955995,-3.589661,-8.285681,0.005867
101.900000,-92.648502,30.161120,-0.277583,-3.307739,-8.382899,-0.034109
102.000000,-94.756383,32.931626,-1.623381,-3.207105,-8.488289,-0.093720
102.100000,-94.205885,28.800450,-0.516736,-2.968568,-8.578798,-0.034926
102.200000,-95.912377,27.196439,0.748362,-3.057007,-8.706008,-0.080931
102.300000,-97.113311,24.860873,0.554988,-2.942116,-8.684445,0.085415
102.400000,-98.244803,25.920263,0.103143,-2.852506,-8.940267,0.070984
102.500000,-97.862310,25.409206,0.623948,-2.701623,-9.077667,0.012279
102.600000,-93.668613,25.440220,-1.854274,-2.389322,-9.272629,-0.000360
102.700000,-98.190195,23.486972,-0.133269,-2.697159,-9.236234,-0.070984
102.800000,-98.934867,20.250473,0.755764,-2.436096,-9.516745,-0.040440
102.900000,-96.980936,19.625217,-1.284414,-2.205130,-9.338968,-0.106227
103.000000,-99.180234,21.604784,1.019537,-2.236646,-9.459429,0.081908
103.100000,-98.280132,20.515885,-0.014158,-2.095304,-9.753767,0.038712
103.200000,-97.120852,18.070695,-0.614586,-1.865777,-9.826171,-0.015713
103.300000,-100.492575,19.731933,-0.335584,-1.848269,-9.890215,0.058143
103.400000,-100.520076,16.693874,1.407815,-1.760269,-9.842610,-0.080530
103.500000,-99.180687,16.536115,0.398949,-1.690031,-10.021622,-0.032401
103.600000,-98.759205,14.224525,-1.918024,-1.509012,-10.049754,0.044789
103.700000,-98.760505,13.751387,-0.880157,-1.364454,-10.237306,-0.034394
103.800000,-98.384308,14.320445,-1.023745,-1.205169,-10.108364,-0.013175
103.900000,-99.526223,12.432283,0.924674,-1.244404,-10.088792,0.044013
104.000000,-99.931850,10.308984,0.390513,-1.077556,-10.126704,-0.045282
104.100000,-100.075009,10.545278,2.285550,-0.915017,-10.187087,-0.144289
104.200000,-99.872260,9.966866,-1.172586,-0.944475,-10.089346,0.056572
104.300000,-98.962550,4.859869,-3.176520,-0.918360,-10.401372,-0.024506
104.400000,-101.232121,7.891227,-1.768243,-0.752794,-10.382404,0.006335
104.500000,-98.975954,7.580662,0.073377,-0.605820,-10.596876,-0.058705
104.600000,-97.536642,3.530639,-0.739181,-0.417326,-10.514318,-0.060408
104.700000,-97.881586,2.032710,-1.030466,-0.363700,-10.447299,0.083427
104.800000,-98.924375,3.943055,1.995790,-0.122128,-10.310221,0.075396
104.900000,-99.741748,-1.340220,1.658265,-0.146250,-10.465055,0.155758
105.000000,-100.048022,-0.780293,0.725224,0.068083,-10.458844,0.118490
105.100000,-101.953970,-3.356565,-2.188084,0.044581,-10.358424,-0.168169
105.200000,-99.029057,-3.876128,-0.074714,0.205941,-10.502503,0.119176
105.300000,-99.711179,-5.075351,0.744983,0.357001,-10.363345,0.126664
105.400000,-100.004805,-6.761126,1.831188,0.356558,-10.404707,0.039528
105.500000,-98.928679,-3.462591,-1.950056,0.398293,-10.485713,0.021620
105.600000,-100.616999,-6.500373,0.976839,0.559954,-10.535183,-0.115827
105.700000,-98.369579,-5.571718,1.375789,0.764111,-10.455328,-0.018330
105.800000,-99.160336,-6.325105,-0.236556,1.023428,-10.144359,0.016135
105.900000,-99.337484,-10.811769,-0.906315,0.964679,-10.362781,-0.271081
106.000000,-100.740876,-13.527801,-0.400620,1.044708,-10.182562,-0.121719
106.100000,-98.345583,-8.438047,-1.273524,1.209067,-10.212942,0.118989
106.200000,-100.323260,-11.601367,-0.376625,1.382011,-10.009661,-0.124310
106.300000,-99.341815,-13.462908,-1.312835,1.392101,-10.122354,0.012541
106.400000,-99.375140,-13.492152,2.492560,1.617890,-10.107259,-0.036283
106.500000,-96.734714,-15.407365,-1.144794,1.509571,-10.017156,-0.081216
106.600000,-98.684268,-17.254990,1.256318,1.720932,-9.853319,0.033214
106.700000,-96.317939,-14.565825,0.756124,1.778243,-9.865075,0.101598
106.800000,-98.960120,-19.108633,1.137715,1.915742,-9.614130,-0.123261
106.900000,-97.722927,-15.411585,1.480158,2.149482,-9.763551,-0.103554
107.000000,-96.740731,-22.986156,0.893064,2.287725,-9.564312,-0.145046
107.100000,-96.779963,-20.061217,0.180575,2.268015,-9.503560,0.049348
107.200000,-94.860783,-20.293538,1.950365,2.489377,-9.437408,-0.067558
107.300000,-94.907434,-24.979493,-0.996338,2.487420,-9.269054,0.180907
107.400000,-98.127608,-24.663856,-0.408666,2.634642,-9.045028,-0.104139
107.500000,-97.068578,-24.320954,-0.752262,2.722961,-9.107408,-0.055027
107.600000,-96.540780,-27.158091,-0.390764,2.807537,-9.024078,0.028843
107.700000,-97.975937,-27.161140,-0.295110,2.986739,-8.816135,0.004807
107.800000,-95.859243,-28.627994,0.085778,2.923344,-8.647195,0.041233
107.900000,-95.400191,-31.355148,-0.798066,3.223960,-8.531833,0.095463
108.000000,-91.940228,-31.735988,0.710478,3.284539,-8.429189,0.086130
108.100000,-96.603511,-31.110240,0.347336,3.396085,-8.333819,-0.090215
108.200000,-97.229216,-32.313786,3.657580,3.565602,-8.304974,0.085301
108.300000,-94.245945,-33.143242,-1.307992,3.497579,-7.982442,0.151160
108.400000,-92.040710,-31.350038,-0.633798,3.549258,-7.987334,0.006830
108.500000,-92.553414,-34.191570,-2.588038,3.653462,-7.758725,-0.019964
108.600000,-92.899847,-36.814643,-1.262162,3.748145,-7.731155,0.054209
108.700000,-92.025608,-34.812333,-0.182805,3.954903,-7.504007,-0.111868
108.800000,-92.619335,-33.799403,0.853437,4.148611,-7.307263,-0.019914
108.900000,-93.514322,-37.415377,1.608881,4.173313,-7.167978,-0.210648
109.000000,-89.498187,-37.993946,1.938055,4.319801,-6.883342,0.048251
109.100000,-89.980339,-40.604053,-0.611479,4.432699,-6.888661,0.185226
109.200000,-89.598169,-38.290916,0.151992,4.528214,-6.751988,0.131036
109.300000,-91.693787,-39.850194,0.206094,4.418867,-6.446059,0.021950
109.400000,-87.901302,-39.584770,1.652007,4.537228,-6.174406,-0.055136
109.500000,-88.032626,-38.528855,1.014193,4.768098,-6.155546,0.054243
109.600000,-88.375955,-44.220826,0.972142,4.865041,-5.859566,0.027983
109.700000,-88.215071,-41.511765,-1.208156,4.790754,-5.781118,-0.017905
109.800000,-88.364352,-42.579251,0.265128,5.142901,-5.693526,0.187500
109.900000,-84.451561,-42.529698,1.078718,5.048056,-5.267130,0.050951
110.000000,-84.129190,-43.627697,-0.683081,5.219441,-5.259145,0.040748
110.100000,-87.665302,-43.364627,3.485926,5.324847,-4.923726,0.019067
110.200000,-88.755729,-44.387119,-1.272893,5.374176,-4.840136,0.130914
110.300000,-86.144379,-46.999032,2.108690,5.495015,-4.623936,-0.089249
110.400000,-85.037211,-49.539228,-2.751647,5.572278,-4.485955,-0.010230
110.500000,-83.251531,-45.469689,0.750062,5.589823,-4.326791,0.001611
110.600000,-84.357147,-47.080458,1.977705,5.883969,-4.296074,0.028288
110.700000,-83.743770,-46.682256,-1.271875,5.792860,-3.944116,0.097671
110.800000,-81.648961,-46.471558,-0.287212,6.112839,-3.627524,-0.118702
110.900000,-82.844762,-44.569963,-0.149768,6.244561,-3.497429,-0.001460
111.000000,-80.399320,-48.866988,-0.965746,6.217732,-3.256320,0.016528
111.100000,-80.026882,-46.960403,0.204112,6.088348,-3.024482,0.051190
111.200000,-79.381619,-46.879562,-1.381658,6.478427,-2.819220,0.141673
111.300000,-77.943170,-48.545474,-0.605566,6.333033,-2.670474,-0.071958
111.400000,-79.693013,-50.416971,-0.640328,6.525937,-2.444765,-0.056360
111.500000,-78.202220,-48.935696,0.261312,6.383800,-2.153724,0.030504
111.600000,-75.051131,-49.629335,1.739196,6.890300,-1.993529,0.083213
111.700000,-74.347778,-51.000356,-1.055915,6.802072,-1.596158,0.039952
111.800000,-77.170911,-52.121879,0.632342,6.906073,-1.521351,0.110449
111.900000,-73.895588,-49.069411,0.404453,6.790924,-1.273645,-0.115948
112.000000,-74.149376,-49.820663,1.131638,6.896387,-1.216743,0.213697
112.100000,-73.213280,-50.725613,1.046632,7.086467,-0.897492,0.008501
112.200000,-74.581654,-46.277784,-1.812930,7.159034,-0.831406,0.033767
112.300000,-73.233762,-48.870554,-0.679182,7.235211,-0.327389,0.052903
112.400000,-73.937059,-51.027623,-0.240416,7.332111,-0.322205,0.223102
112.500000,-68.431625,-51.980343,1.567036,7.456726,-0.026131,-0.131747
112.600000,-70.295225,-47.294204,-1.031075,7.267320,0.209155,-0.213252
112.700000,-69.842269,-50.461635,-1.021100,7.491813,0.357798,-0.159776
112.800000,-68.115210,-50.485322,-1.244609,7.701883,0.558422,-0.008149
112.900000,-71.308379,-46.874579,-0.430300,7.747152,0.790853,-0.012627
113.000000,-65.831017,-50.348185,-0.173456,7.630740,0.816859,-0.091812
113.100000,-65.106000,-49.564164,-0.408544,7.943798,1.198778,-0.211541
113.200000,-64.452464,-48.301834,-0.378046,7.822018,1.626011,0.100766
113.300000,-65.004687,-50.327238,-2.816342,8.108539,1.648693,-0.087260
113.400000,-62.426295,-49.434364,3.003524,7.941837,2.048540,0.019300
113.500000,-62.458349,-47.587476,-0.100070,8.131573,2.109280,0.175634
113.600000,-62.719533,-48.347656,1.642669,8.220096,2.394689,0.146240
113.700000,-60.641133,-48.129754,-1.221259,8.387320,2.665943,0.017867
113.800000,-62.016030,-49.125014,-0.127954,8.254563,2.732114,0.161136
113.900000,-60.385123,-48.810507,-0.602931,8.427507,3.134492,-0.060444
114.000000,-57.029050,-46.413987,-2.400467,8.422269,3.289470,-0.046003
114.100000,-56.975699,-47.883678,0.802195,8.500355,3.441958,-0.076279
114.200000,-54.480902,-49.709534,0.031361,8.742158,3.615618,0.186817
114.300000,-54.559783,-46.016699,0.904035,8.577450,3.869752,0.134702
114.400000,-52.952709,-46.961953,1.314947,8.813082,3.895572,0.000033
114.500000,-54.711100,-46.627580,0.523548,8.686942,4.321673,0.145118
114.600000,-52.554718,-46.790394,0.110071,8.742751,4.469919,-0.170678
114.700000,-53.090479,-45.206007,-0.972767,8.947861,4.581101,0.053263
114.800000,-49.241483,-44.176628,-1.019916,8.916372,4.904073,0.183856
114.900000,-52.005784,-41.504691,1.661652,8.964259,5.209424,0.165299
115.000000,-54.154649,-42.868258,-0.083713,9.046788,5.376556,-0.075788
115.100000,-46.535032,-42.421369,-0.707430,9.177338,5.319798,0.187872
115.200000,-48.444946,-41.851166,0.990949,9.176816,5.416361,-0.151524
115.300000,-46.371910,-43.591170,2.078376,9.177500,5.989321,0.197881
115.400000,-47.605669,-41.754730,1.746755,9.176708,6.119237,-0.100388
115.500000,-44.938470,-41.874132,-2.785897,9.384234,6.249691,-0.065360
115.600000,-43.056481,-39.536877,-1.009426,9.461828,6.487917,0.043719
115.700000,-42.976596,-39.200473,1.695072,9.414668,6.627464,-0.193642
115.800000,-41.887764,-38.965484,0.459741,9.332354,6.789123,0.106144
115.900000,-41.649247,-37.897790,-2.185625,9.411570,6.893271,-0.010602
116.000000,-39.323264,-37.201581,-0.447427,9.518644,7.064282,0.010863
116.100000,-38.097556,-37.582264,0.868068,9.629963,6.960725,-0.055842
116.200000,-37.983220,-36.859485,0.609949,9.847746,7.435352,0.045410
116.300000,-35.818680,-34.507080,2.813850,9.735594,7.516088,0.059366
116.400000,-35.699421,-32.458229,0.385314,9.889032,7.786795,-0.003839
116.500000,-36.919049,-32.423806,2.929179,9.779679,7.607547,-0.100202
116.600000,-32.808271,-35.213361,-0.461473,9.789900,8.021420,0.033021
116.700000,-34.967494,-32.719264,3.100658,9.831385,8.065409,0.010289
116.800000,-33.751788,-30.820214,-0.597477,9.935738,8.165257,-0.015173
116.900000,-30.501896,-31.262358,0.073638,9.797838,8.131748,0.037471
117.000000,-27.517759,-31.230777,-1.515509,10.165904,8.373058,0.095776
117.100000,-26.956365,-27.389076,2.165224,10.058802,8.568938,-0.066304
117.200000,-32.449075,-28.609806,-3.907672,9.950072,8.714842,-0.050651
117.300000,-25.991537,-26.325436,-0.813914,9.934334,9.126455,-0.160759
117.400000,-25.914595,-22.681310,0.777274,10.227149,9.031295,-0.167920
117.500000,-25.279539,-22.683377,1.776425,10.004579,9.060692,0.038346
117.600000,-24.738438,-23.447406,-0.387238,10.212263,9.215231,0.124336
117.700000,-27.880223,-21.150429,1.671040,10.059669,9.238194,0.115042
117.800000,-21.638570,-20.866277,-0.826347,10.326886,9.498610,-0.126886
117.900000,-20.713108,-23.044866,0.691084,10.170431,9.530357,0.024517
118.000000,-20.985510,-18.256176,1.868022,10.271881,9.507606,0.079473
118.100000,-21.681241,-21.251699,3.000107,10.221694,9.641595,-0.090752
118.200000,-16.365411,-19.663323,-1.039909,10.316069,9.678226,-0.131985
118.300000,-17.462708,-16.693567,-1.614079,10.349238,9.714460,0.082171
118.400000,-16.621381,-21.282204,1.310510,10.327075,9.818433,-0.148662
118.500000,-15.449504,-12.310370,0.671306,10.248253,10.266486,-0.024981
118.600000,-13.811353,-15.568894,1.211870,10.363207,10.123226,0.000936
118.700000,-14.854122,-15.889424,-0.375358,10.370492,10.152834,0.140068
118.800000,-12.926022,-12.047593,-0.936521,10.327632,10.105199,-0.110945
118.900000,-11.289342,-10.049249,-0.173762,10.373919,10.045485,0.010360
119.000000,-9.441414,-12.633281,1.236671,10.541795,10.224889,0.214676
119.100000,-10.227979,-7.752321,-1.641120,10.228272,10.055822,-0.049813
119.200000,-7.725196,-8.202225,0.912830,10.260340,10.226115,0.012968
119.300000,-6.793434,-5.941158,0.947323,10.427735,10.470668,0.085091
119.400000,-6.066649,-6.039961,-0.245281,10.444201,10.407701,0.077462
119.500000,-3.855990,-3.972532,1.554998,10.488197,10.405940,0.015051
119.600000,-5.155491,-3.911474,-0.491024,10.439822,10.360636,-0.067701
119.700000,-0.879131,-3.274149,0.486449,10.504254,10.407874,0.038467
119.800000,-5.698727,-1.489809,-0.913250,10.441280,10.698899,-0.073300
119.900000,-1.759492,-3.089050,-0.705992,10.529652,10.504603,-0.059800
